    Checking nes-dsl v0.1.0 (/app/crates/nes-dsl)
warning: missing documentation for the crate
  --> crates/nes-ai/src/lib.rs:1:1
   |
 1 | / pub mod actions;
 2 | | pub mod config;
 3 | | pub mod env;
 4 | | pub mod episode;
...  |
11 | | pub mod snapshot;
12 | | pub mod trainer;
   | |________________^
   |
   = note: requested on the command line with `-W missing-docs`

warning: missing documentation for a module
 --> crates/nes-ai/src/lib.rs:1:1
  |
1 | pub mod actions;
  | ^^^^^^^^^^^^^^^

warning: missing documentation for a module
 --> crates/nes-ai/src/lib.rs:2:1
  |
2 | pub mod config;
  | ^^^^^^^^^^^^^^

warning: missing documentation for a module
 --> crates/nes-ai/src/lib.rs:3:1
  |
3 | pub mod env;
  | ^^^^^^^^^^^

warning: missing documentation for a module
 --> crates/nes-ai/src/lib.rs:4:1
  |
4 | pub mod episode;
  | ^^^^^^^^^^^^^^^

warning: missing documentation for a module
 --> crates/nes-ai/src/lib.rs:5:1
  |
5 | pub mod error;
  | ^^^^^^^^^^^^^

warning: missing documentation for a module
 --> crates/nes-ai/src/lib.rs:6:1
  |
6 | pub mod model;
  | ^^^^^^^^^^^^^

warning: missing documentation for a module
 --> crates/nes-ai/src/lib.rs:7:1
  |
7 | pub mod obs;
  | ^^^^^^^^^^^

warning: missing documentation for a module
 --> crates/nes-ai/src/lib.rs:8:1
  |
8 | pub mod profile;
  | ^^^^^^^^^^^^^^^

warning: missing documentation for a module
 --> crates/nes-ai/src/lib.rs:9:1
  |
9 | pub mod profiles;
  | ^^^^^^^^^^^^^^^^

warning: missing documentation for a module
  --> crates/nes-ai/src/lib.rs:10:1
   |
10 | pub mod reward;
   | ^^^^^^^^^^^^^^

warning: missing documentation for a module
  --> crates/nes-ai/src/lib.rs:11:1
   |
11 | pub mod snapshot;
   | ^^^^^^^^^^^^^^^^

warning: missing documentation for a module
  --> crates/nes-ai/src/lib.rs:12:1
   |
12 | pub mod trainer;
   | ^^^^^^^^^^^^^^^

warning: missing documentation for an enum
 --> crates/nes-ai/src/actions.rs:4:1
  |
4 | pub enum ControlAction {
  | ^^^^^^^^^^^^^^^^^^^^^^

warning: missing documentation for a variant
 --> crates/nes-ai/src/actions.rs:5:5
  |
5 |     Noop,
  |     ^^^^

warning: missing documentation for a variant
 --> crates/nes-ai/src/actions.rs:6:5
  |
6 |     Right,
  |     ^^^^^

warning: missing documentation for a variant
 --> crates/nes-ai/src/actions.rs:7:5
  |
7 |     RightA,
  |     ^^^^^^

warning: missing documentation for a variant
 --> crates/nes-ai/src/actions.rs:8:5
  |
8 |     A,
  |     ^

warning: missing documentation for a variant
 --> crates/nes-ai/src/actions.rs:9:5
  |
9 |     RightB,
  |     ^^^^^^

warning: missing documentation for a variant
  --> crates/nes-ai/src/actions.rs:10:5
   |
10 |     RightAB,
   |     ^^^^^^^

warning: missing documentation for an associated function
  --> crates/nes-ai/src/actions.rs:15:5
   |
15 |     pub const fn action_count() -> usize {
   |     ^^^^^^^^^^^^^^^^^^^^^^^^^^^^^^^^^^^^

warning: missing documentation for a method
  --> crates/nes-ai/src/actions.rs:20:5
   |
20 |     pub fn controller1_bits(self) -> u8 {
   |     ^^^^^^^^^^^^^^^^^^^^^^^^^^^^^^^^^^^

warning: missing documentation for a constant
 --> crates/nes-ai/src/config.rs:7:1
  |
7 | pub const MIN_OBSERVATION_DIM: usize = 20;
  | ^^^^^^^^^^^^^^^^^^^^^^^^^^^^^^^^^^^^

warning: missing documentation for an enum
  --> crates/nes-ai/src/config.rs:11:1
   |
11 | pub enum GameProfileId {
   | ^^^^^^^^^^^^^^^^^^^^^^

warning: missing documentation for a variant
  --> crates/nes-ai/src/config.rs:13:5
   |
13 |     Smb,
   |     ^^^

warning: missing documentation for a struct
  --> crates/nes-ai/src/config.rs:18:1
   |
18 | pub struct AiProfileConfig {
   | ^^^^^^^^^^^^^^^^^^^^^^^^^^

warning: missing documentation for a struct field
  --> crates/nes-ai/src/config.rs:20:5
   |
20 |     pub game: GameProfileId,
   |     ^^^^^^^^^^^^^^^^^^^^^^^

warning: missing documentation for a struct field
  --> crates/nes-ai/src/config.rs:21:5
   |
21 |     pub id: String,
   |     ^^^^^^^^^^^^^^

warning: missing documentation for a struct field
  --> crates/nes-ai/src/config.rs:22:5
   |
22 |     pub rom_path: PathBuf,
   |     ^^^^^^^^^^^^^^^^^^^^^

warning: missing documentation for a struct field
  --> crates/nes-ai/src/config.rs:23:5
   |
23 |     pub snapshot_path: PathBuf,
   |     ^^^^^^^^^^^^^^^^^^^^^^^^^^

warning: missing documentation for a struct field
  --> crates/nes-ai/src/config.rs:24:5
   |
24 |     pub bootstrap_tas_path: PathBuf,
   |     ^^^^^^^^^^^^^^^^^^^^^^^^^^^^^^^

warning: missing documentation for a struct field
  --> crates/nes-ai/src/config.rs:26:5
   |
26 |     pub frame_stack: usize,
   |     ^^^^^^^^^^^^^^^^^^^^^^

warning: missing documentation for a struct field
  --> crates/nes-ai/src/config.rs:28:5
   |
28 |     pub frame_skip: u32,
   |     ^^^^^^^^^^^^^^^^^^^

warning: missing documentation for a struct field
  --> crates/nes-ai/src/config.rs:30:5
   |
30 |     pub max_episode_frames: u32,
   |     ^^^^^^^^^^^^^^^^^^^^^^^^^^^

warning: missing documentation for a struct field
  --> crates/nes-ai/src/config.rs:31:5
   |
31 |     pub observation: ObservationConfig,
   |     ^^^^^^^^^^^^^^^^^^^^^^^^^^^^^^^^^^

warning: missing documentation for a struct field
  --> crates/nes-ai/src/config.rs:32:5
   |
32 |     pub reward: RewardConfig,
   |     ^^^^^^^^^^^^^^^^^^^^^^^^

warning: missing documentation for a struct
  --> crates/nes-ai/src/config.rs:54:1
   |
54 | pub struct ObservationConfig {
   | ^^^^^^^^^^^^^^^^^^^^^^^^^^^^

warning: missing documentation for a struct field
  --> crates/nes-ai/src/config.rs:56:5
   |
56 |     pub width: usize,
   |     ^^^^^^^^^^^^^^^^

warning: missing documentation for a struct field
  --> crates/nes-ai/src/config.rs:58:5
   |
58 |     pub height: usize,
   |     ^^^^^^^^^^^^^^^^^

warning: missing documentation for a struct
  --> crates/nes-ai/src/config.rs:73:1
   |
73 | pub struct RewardConfig {
   | ^^^^^^^^^^^^^^^^^^^^^^^

warning: missing documentation for a struct field
  --> crates/nes-ai/src/config.rs:74:5
   |
74 |     pub forward_progress: f32,
   |     ^^^^^^^^^^^^^^^^^^^^^^^^^

warning: missing documentation for a struct field
  --> crates/nes-ai/src/config.rs:75:5
   |
75 |     pub alive_bonus: f32,
   |     ^^^^^^^^^^^^^^^^^^^^

warning: missing documentation for a struct field
  --> crates/nes-ai/src/config.rs:76:5
   |
76 |     pub stall_penalty: f32,
   |     ^^^^^^^^^^^^^^^^^^^^^^

warning: missing documentation for a struct field
  --> crates/nes-ai/src/config.rs:77:5
   |
77 |     pub death_penalty: f32,
   |     ^^^^^^^^^^^^^^^^^^^^^^

warning: missing documentation for a struct field
  --> crates/nes-ai/src/config.rs:79:5
   |
79 |     pub stall_frames: u32,
   |     ^^^^^^^^^^^^^^^^^^^^^

warning: missing documentation for a struct
  --> crates/nes-ai/src/env.rs:21:1
   |
21 | pub struct StepOutput<F> {
   | ^^^^^^^^^^^^^^^^^^^^^^^^

warning: missing documentation for a struct field
  --> crates/nes-ai/src/env.rs:22:5
   |
22 |     pub features: F,
   |     ^^^^^^^^^^^^^^^

warning: missing documentation for a struct field
  --> crates/nes-ai/src/env.rs:23:5
   |
23 |     pub reward: RewardBreakdown,
   |     ^^^^^^^^^^^^^^^^^^^^^^^^^^^

warning: missing documentation for a struct field
  --> crates/nes-ai/src/env.rs:24:5
   |
24 |     pub done: bool,
   |     ^^^^^^^^^^^^^^

warning: missing documentation for a struct
  --> crates/nes-ai/src/env.rs:28:1
   |
28 | pub struct ObservationSnapshot {
   | ^^^^^^^^^^^^^^^^^^^^^^^^^^^^^^

warning: missing documentation for a struct field
  --> crates/nes-ai/src/env.rs:29:5
   |
29 |     pub frame_stack: usize,
   |     ^^^^^^^^^^^^^^^^^^^^^^

warning: missing documentation for a struct field
  --> crates/nes-ai/src/env.rs:30:5
   |
30 |     pub width: usize,
   |     ^^^^^^^^^^^^^^^^

warning: missing documentation for a struct field
  --> crates/nes-ai/src/env.rs:31:5
   |
31 |     pub height: usize,
   |     ^^^^^^^^^^^^^^^^^

warning: missing documentation for a struct field
  --> crates/nes-ai/src/env.rs:32:5
   |
32 |     pub frames: Vec<f32>,
   |     ^^^^^^^^^^^^^^^^^^^^

warning: missing documentation for a struct field
  --> crates/nes-ai/src/env.rs:33:5
   |
33 |     pub features: Vec<f32>,
   |     ^^^^^^^^^^^^^^^^^^^^^^

warning: missing documentation for a struct
  --> crates/nes-ai/src/env.rs:37:1
   |
37 | pub struct ControlStepOutput {
   | ^^^^^^^^^^^^^^^^^^^^^^^^^^^^

warning: missing documentation for a struct field
  --> crates/nes-ai/src/env.rs:38:5
   |
38 |     pub reward: RewardBreakdown,
   |     ^^^^^^^^^^^^^^^^^^^^^^^^^^^

warning: missing documentation for a struct field
  --> crates/nes-ai/src/env.rs:39:5
   |
39 |     pub done: bool,
   |     ^^^^^^^^^^^^^^

warning: missing documentation for a struct
  --> crates/nes-ai/src/env.rs:42:1
   |
42 | pub struct ProfileEnv<P>
   | ^^^^^^^^^^^^^^^^^^^^^^^^

warning: missing documentation for an associated function
  --> crates/nes-ai/src/env.rs:65:5
   |
65 |     pub fn new(profile: P, snapshot: SnapshotBundle) -> Self {
   |     ^^^^^^^^^^^^^^^^^^^^^^^^^^^^^^^^^^^^^^^^^^^^^^^^^^^^^^^^

warning: missing documentation for a method
   --> crates/nes-ai/src/env.rs:177:5
    |
177 |     pub fn core(&self) -> &NesCore {
    |     ^^^^^^^^^^^^^^^^^^^^^^^^^^^^^^

warning: missing documentation for a method
   --> crates/nes-ai/src/env.rs:202:5
    |
202 |     pub fn recorded_movie(&self) -> &nes_core::tas::TasMovie {
    |     ^^^^^^^^^^^^^^^^^^^^^^^^^^^^^^^^^^^^^^^^^^^^^^^^^^^^^^^^

warning: missing documentation for a method
   --> crates/nes-ai/src/env.rs:207:5
    |
207 |     pub fn finish_episode(&self, total_reward: f32) -> EpisodeMetadata {
    |     ^^^^^^^^^^^^^^^^^^^^^^^^^^^^^^^^^^^^^^^^^^^^^^^^^^^^^^^^^^^^^^^^^^

warning: missing documentation for a type alias
   --> crates/nes-ai/src/env.rs:236:1
    |
236 | pub type SmbControlEnv = ProfileEnv<SmbProfile>;
    | ^^^^^^^^^^^^^^^^^^^^^^

warning: missing documentation for an enum
   --> crates/nes-ai/src/env.rs:238:1
    |
238 | pub enum AnyControlEnv {
    | ^^^^^^^^^^^^^^^^^^^^^^

warning: missing documentation for a variant
   --> crates/nes-ai/src/env.rs:239:5
    |
239 |     Smb(Box<SmbControlEnv>),
    |     ^^^

warning: missing documentation for a method
   --> crates/nes-ai/src/env.rs:297:5
    |
297 |     pub fn recorded_movie(&self) -> &TasMovie {
    |     ^^^^^^^^^^^^^^^^^^^^^^^^^^^^^^^^^^^^^^^^^

warning: missing documentation for a method
   --> crates/nes-ai/src/env.rs:304:5
    |
304 |     pub fn finish_episode(&self, total_reward: f32) -> EpisodeMetadata {
    |     ^^^^^^^^^^^^^^^^^^^^^^^^^^^^^^^^^^^^^^^^^^^^^^^^^^^^^^^^^^^^^^^^^^

warning: missing documentation for a struct
 --> crates/nes-ai/src/episode.rs:9:1
  |
9 | pub struct EpisodeMetadata {
  | ^^^^^^^^^^^^^^^^^^^^^^^^^^

warning: missing documentation for a struct field
  --> crates/nes-ai/src/episode.rs:10:5
   |
10 |     pub profile_id: String,
   |     ^^^^^^^^^^^^^^^^^^^^^^

warning: missing documentation for a struct field
  --> crates/nes-ai/src/episode.rs:11:5
   |
11 |     pub snapshot_id: String,
   |     ^^^^^^^^^^^^^^^^^^^^^^^

warning: missing documentation for a struct field
  --> crates/nes-ai/src/episode.rs:12:5
   |
12 |     pub rom_hash: String,
   |     ^^^^^^^^^^^^^^^^^^^^

warning: missing documentation for a struct field
  --> crates/nes-ai/src/episode.rs:13:5
   |
13 |     pub total_reward: f32,
   |     ^^^^^^^^^^^^^^^^^^^^^

warning: missing documentation for a struct field
  --> crates/nes-ai/src/episode.rs:14:5
   |
14 |     pub episode_frames: u64,
   |     ^^^^^^^^^^^^^^^^^^^^^^^

warning: missing documentation for a struct field
  --> crates/nes-ai/src/episode.rs:15:5
   |
15 |     pub final_state_hash: u64,
   |     ^^^^^^^^^^^^^^^^^^^^^^^^^

warning: missing documentation for a struct
  --> crates/nes-ai/src/episode.rs:19:1
   |
19 | pub struct EpisodeArtifactPaths {
   | ^^^^^^^^^^^^^^^^^^^^^^^^^^^^^^^

warning: missing documentation for a struct field
  --> crates/nes-ai/src/episode.rs:20:5
   |
20 |     pub tas_json_path: PathBuf,
   |     ^^^^^^^^^^^^^^^^^^^^^^^^^^

warning: missing documentation for a struct field
  --> crates/nes-ai/src/episode.rs:21:5
   |
21 |     pub run_json_path: PathBuf,
   |     ^^^^^^^^^^^^^^^^^^^^^^^^^^

warning: missing documentation for a struct field
  --> crates/nes-ai/src/episode.rs:22:5
   |
22 |     pub macro_txt_path: Option<PathBuf>,
   |     ^^^^^^^^^^^^^^^^^^^^^^^^^^^^^^^^^^^

warning: missing documentation for a struct
  --> crates/nes-ai/src/episode.rs:26:1
   |
26 | pub struct EpisodeArtifactWriter {
   | ^^^^^^^^^^^^^^^^^^^^^^^^^^^^^^^^

warning: missing documentation for an associated function
  --> crates/nes-ai/src/episode.rs:32:5
   |
32 |     pub fn new(output_dir: PathBuf) -> Self {
   |     ^^^^^^^^^^^^^^^^^^^^^^^^^^^^^^^^^^^^^^^

warning: missing documentation for an enum
 --> crates/nes-ai/src/error.rs:7:1
  |
7 | pub enum AiError {
  | ^^^^^^^^^^^^^^^^

warning: missing documentation for a variant
 --> crates/nes-ai/src/error.rs:9:5
  |
9 |     Unsupported(&'static str),
  |     ^^^^^^^^^^^

warning: missing documentation for a variant
  --> crates/nes-ai/src/error.rs:11:5
   |
11 |     SnapshotDirCreate {
   |     ^^^^^^^^^^^^^^^^^

warning: missing documentation for a struct field
  --> crates/nes-ai/src/error.rs:12:9
   |
12 |         path: PathBuf,
   |         ^^^^^^^^^^^^^

warning: missing documentation for a struct field
  --> crates/nes-ai/src/error.rs:14:9
   |
14 |         source: std::io::Error,
   |         ^^^^^^^^^^^^^^^^^^^^^^

warning: missing documentation for a variant
  --> crates/nes-ai/src/error.rs:17:5
   |
17 |     SnapshotSerialize {
   |     ^^^^^^^^^^^^^^^^^

warning: missing documentation for a struct field
  --> crates/nes-ai/src/error.rs:19:9
   |
19 |         source: serde_json::Error,
   |         ^^^^^^^^^^^^^^^^^^^^^^^^^

warning: missing documentation for a variant
  --> crates/nes-ai/src/error.rs:22:5
   |
22 |     SnapshotWrite {
   |     ^^^^^^^^^^^^^

warning: missing documentation for a struct field
  --> crates/nes-ai/src/error.rs:23:9
   |
23 |         path: PathBuf,
   |         ^^^^^^^^^^^^^

warning: missing documentation for a struct field
  --> crates/nes-ai/src/error.rs:25:9
   |
25 |         source: std::io::Error,
   |         ^^^^^^^^^^^^^^^^^^^^^^

warning: missing documentation for a variant
  --> crates/nes-ai/src/error.rs:28:5
   |
28 |     SnapshotRead {
   |     ^^^^^^^^^^^^

warning: missing documentation for a struct field
  --> crates/nes-ai/src/error.rs:29:9
   |
29 |         path: PathBuf,
   |         ^^^^^^^^^^^^^

warning: missing documentation for a struct field
  --> crates/nes-ai/src/error.rs:31:9
   |
31 |         source: std::io::Error,
   |         ^^^^^^^^^^^^^^^^^^^^^^

warning: missing documentation for a variant
  --> crates/nes-ai/src/error.rs:34:5
   |
34 |     SnapshotParse {
   |     ^^^^^^^^^^^^^

warning: missing documentation for a struct field
  --> crates/nes-ai/src/error.rs:35:9
   |
35 |         path: PathBuf,
   |         ^^^^^^^^^^^^^

warning: missing documentation for a struct field
  --> crates/nes-ai/src/error.rs:37:9
   |
37 |         source: serde_json::Error,
   |         ^^^^^^^^^^^^^^^^^^^^^^^^^

warning: missing documentation for a variant
  --> crates/nes-ai/src/error.rs:40:5
   |
40 |     SnapshotVersionMismatch { expected: u32, found: u32 },
   |     ^^^^^^^^^^^^^^^^^^^^^^^

warning: missing documentation for a struct field
  --> crates/nes-ai/src/error.rs:40:31
   |
40 |     SnapshotVersionMismatch { expected: u32, found: u32 },
   |                               ^^^^^^^^^^^^^

warning: missing documentation for a struct field
  --> crates/nes-ai/src/error.rs:40:46
   |
40 |     SnapshotVersionMismatch { expected: u32, found: u32 },
   |                                              ^^^^^^^^^^

warning: missing documentation for a variant
  --> crates/nes-ai/src/error.rs:42:5
   |
42 |     ArtifactDirCreate {
   |     ^^^^^^^^^^^^^^^^^

warning: missing documentation for a struct field
  --> crates/nes-ai/src/error.rs:43:9
   |
43 |         path: PathBuf,
   |         ^^^^^^^^^^^^^

warning: missing documentation for a struct field
  --> crates/nes-ai/src/error.rs:45:9
   |
45 |         source: std::io::Error,
   |         ^^^^^^^^^^^^^^^^^^^^^^

warning: missing documentation for a variant
  --> crates/nes-ai/src/error.rs:48:5
   |
48 |     ArtifactSerialize {
   |     ^^^^^^^^^^^^^^^^^

warning: missing documentation for a struct field
  --> crates/nes-ai/src/error.rs:49:9
   |
49 |         kind: &'static str,
   |         ^^^^^^^^^^^^^^^^^^

warning: missing documentation for a struct field
  --> crates/nes-ai/src/error.rs:51:9
   |
51 |         source: serde_json::Error,
   |         ^^^^^^^^^^^^^^^^^^^^^^^^^

warning: missing documentation for a variant
  --> crates/nes-ai/src/error.rs:54:5
   |
54 |     ArtifactWrite {
   |     ^^^^^^^^^^^^^

warning: missing documentation for a struct field
  --> crates/nes-ai/src/error.rs:55:9
   |
55 |         path: PathBuf,
   |         ^^^^^^^^^^^^^

warning: missing documentation for a struct field
  --> crates/nes-ai/src/error.rs:57:9
   |
57 |         source: std::io::Error,
   |         ^^^^^^^^^^^^^^^^^^^^^^

warning: missing documentation for a variant
  --> crates/nes-ai/src/error.rs:60:5
   |
60 |     ArtifactPrefixInvalid { prefix: String },
   |     ^^^^^^^^^^^^^^^^^^^^^

warning: missing documentation for a struct field
  --> crates/nes-ai/src/error.rs:60:29
   |
60 |     ArtifactPrefixInvalid { prefix: String },
   |                             ^^^^^^^^^^^^^^

warning: missing documentation for a variant
  --> crates/nes-ai/src/error.rs:62:5
   |
62 |     CheckpointSave {
   |     ^^^^^^^^^^^^^^

warning: missing documentation for a struct field
  --> crates/nes-ai/src/error.rs:63:9
   |
63 |         path: PathBuf,
   |         ^^^^^^^^^^^^^

warning: missing documentation for a struct field
  --> crates/nes-ai/src/error.rs:65:9
   |
65 |         source: RecorderError,
   |         ^^^^^^^^^^^^^^^^^^^^^

warning: missing documentation for a variant
  --> crates/nes-ai/src/error.rs:68:5
   |
68 |     CheckpointLoad {
   |     ^^^^^^^^^^^^^^

warning: missing documentation for a struct field
  --> crates/nes-ai/src/error.rs:69:9
   |
69 |         path: PathBuf,
   |         ^^^^^^^^^^^^^

warning: missing documentation for a struct field
  --> crates/nes-ai/src/error.rs:71:9
   |
71 |         source: RecorderError,
   |         ^^^^^^^^^^^^^^^^^^^^^

warning: missing documentation for a variant
  --> crates/nes-ai/src/error.rs:74:5
   |
74 |     RomRead {
   |     ^^^^^^^

warning: missing documentation for a struct field
  --> crates/nes-ai/src/error.rs:75:9
   |
75 |         path: PathBuf,
   |         ^^^^^^^^^^^^^

warning: missing documentation for a struct field
  --> crates/nes-ai/src/error.rs:77:9
   |
77 |         source: std::io::Error,
   |         ^^^^^^^^^^^^^^^^^^^^^^

warning: missing documentation for a variant
  --> crates/nes-ai/src/error.rs:80:5
   |
80 |     RomHashMismatch { expected: String, found: String },
   |     ^^^^^^^^^^^^^^^

warning: missing documentation for a struct field
  --> crates/nes-ai/src/error.rs:80:23
   |
80 |     RomHashMismatch { expected: String, found: String },
   |                       ^^^^^^^^^^^^^^^^

warning: missing documentation for a struct field
  --> crates/nes-ai/src/error.rs:80:41
   |
80 |     RomHashMismatch { expected: String, found: String },
   |                                         ^^^^^^^^^^^^^

warning: missing documentation for a struct
  --> crates/nes-ai/src/model.rs:12:1
   |
12 | pub struct HybridPolicyValueConfig {
   | ^^^^^^^^^^^^^^^^^^^^^^^^^^^^^^^^^^

warning: missing documentation for a struct field
  --> crates/nes-ai/src/model.rs:13:5
   |
13 |     pub frame_stack: usize,
   |     ^^^^^^^^^^^^^^^^^^^^^^

warning: missing documentation for a struct field
  --> crates/nes-ai/src/model.rs:14:5
   |
14 |     pub feature_count: usize,
   |     ^^^^^^^^^^^^^^^^^^^^^^^^

warning: missing documentation for a struct field
  --> crates/nes-ai/src/model.rs:15:5
   |
15 |     pub action_count: usize,
   |     ^^^^^^^^^^^^^^^^^^^^^^^

warning: missing documentation for a struct field
  --> crates/nes-ai/src/model.rs:17:5
   |
17 |     pub observation_width: usize,
   |     ^^^^^^^^^^^^^^^^^^^^^^^^^^^^

warning: missing documentation for a struct field
  --> crates/nes-ai/src/model.rs:19:5
   |
19 |     pub observation_height: usize,
   |     ^^^^^^^^^^^^^^^^^^^^^^^^^^^^^

warning: missing documentation for an associated function
  --> crates/nes-ai/src/model.rs:24:5
   |
24 |     pub fn from_observation(observation: &ObservationSnapshot, action_count: usize) -> Self {
   |     ^^^^^^^^^^^^^^^^^^^^^^^^^^^^^^^^^^^^^^^^^^^^^^^^^^^^^^^^^^^^^^^^^^^^^^^^^^^^^^^^^^^^^^^

warning: missing documentation for a method
  --> crates/nes-ai/src/model.rs:35:5
   |
35 |     pub fn init<B: Backend>(&self, device: &B::Device) -> HybridPolicyValueNet<B> {
   |     ^^^^^^^^^^^^^^^^^^^^^^^^^^^^^^^^^^^^^^^^^^^^^^^^^^^^^^^^^^^^^^^^^^^^^^^^^^^^^

warning: missing documentation for a struct
  --> crates/nes-ai/src/model.rs:65:1
   |
65 | pub struct HybridObservationBatch<B: Backend> {
   | ^^^^^^^^^^^^^^^^^^^^^^^^^^^^^^^^^^^^^^^^^^^^^

warning: missing documentation for a struct field
  --> crates/nes-ai/src/model.rs:66:5
   |
66 |     pub frames: Tensor<B, 4>,
   |     ^^^^^^^^^^^^^^^^^^^^^^^^

warning: missing documentation for a struct field
  --> crates/nes-ai/src/model.rs:67:5
   |
67 |     pub features: Tensor<B, 2>,
   |     ^^^^^^^^^^^^^^^^^^^^^^^^^^

warning: missing documentation for a struct
  --> crates/nes-ai/src/model.rs:71:1
   |
71 | pub struct HybridPolicyValueOutput<B: Backend> {
   | ^^^^^^^^^^^^^^^^^^^^^^^^^^^^^^^^^^^^^^^^^^^^^^

warning: missing documentation for a struct field
  --> crates/nes-ai/src/model.rs:72:5
   |
72 |     pub policy_logits: Tensor<B, 2>,
   |     ^^^^^^^^^^^^^^^^^^^^^^^^^^^^^^^

warning: missing documentation for a struct field
  --> crates/nes-ai/src/model.rs:73:5
   |
73 |     pub value: Tensor<B, 2>,
   |     ^^^^^^^^^^^^^^^^^^^^^^^

warning: missing documentation for a struct
  --> crates/nes-ai/src/model.rs:77:1
   |
77 | pub struct HybridPolicyValueNet<B: Backend> {
   | ^^^^^^^^^^^^^^^^^^^^^^^^^^^^^^^^^^^^^^^^^^^

warning: missing documentation for an associated function
  --> crates/nes-ai/src/model.rs:90:5
   |
90 |     pub fn new(device: &B::Device, cfg: &HybridPolicyValueConfig) -> Self {
   |     ^^^^^^^^^^^^^^^^^^^^^^^^^^^^^^^^^^^^^^^^^^^^^^^^^^^^^^^^^^^^^^^^^^^^^

warning: missing documentation for a method
   --> crates/nes-ai/src/model.rs:116:5
    |
116 |     pub fn forward(&self, batch: HybridObservationBatch<B>) -> HybridPolicyValueOutput<B> {
    |     ^^^^^^^^^^^^^^^^^^^^^^^^^^^^^^^^^^^^^^^^^^^^^^^^^^^^^^^^^^^^^^^^^^^^^^^^^^^^^^^^^^^^^

warning: missing documentation for a struct
  --> crates/nes-ai/src/obs.rs:39:1
   |
39 | pub struct FrameStack {
   | ^^^^^^^^^^^^^^^^^^^^^

warning: missing documentation for a method
  --> crates/nes-ai/src/obs.rs:76:5
   |
76 |     pub fn as_slices(&self) -> Vec<&[f32]> {
   |     ^^^^^^^^^^^^^^^^^^^^^^^^^^^^^^^^^^^^^^

warning: missing documentation for a method
  --> crates/nes-ai/src/obs.rs:81:5
   |
81 |     pub fn flattened(&self) -> Vec<f32> {
   |     ^^^^^^^^^^^^^^^^^^^^^^^^^^^^^^^^^^^

warning: missing documentation for a trait
 --> crates/nes-ai/src/profile.rs:5:1
  |
5 | pub trait TaskProfile {
  | ^^^^^^^^^^^^^^^^^^^^^

warning: missing documentation for an associated type
 --> crates/nes-ai/src/profile.rs:6:5
  |
6 |     type Features: Clone + PartialEq + core::fmt::Debug;
  |     ^^^^^^^^^^^^^^^^^^^^^^^^^^^^^^^^^^^^^^^^^^^^^^^^^^^

warning: missing documentation for a method
 --> crates/nes-ai/src/profile.rs:8:5
  |
8 |     fn config(&self) -> &AiProfileConfig;
  |     ^^^^^^^^^^^^^^^^^^^^^^^^^^^^^^^^^^^^^

warning: missing documentation for a method
 --> crates/nes-ai/src/profile.rs:9:5
  |
9 |     fn decode_features(&self, core: &NesCore) -> Self::Features;
  |     ^^^^^^^^^^^^^^^^^^^^^^^^^^^^^^^^^^^^^^^^^^^^^^^^^^^^^^^^^^^^

warning: missing documentation for a method
  --> crates/nes-ai/src/profile.rs:10:5
   |
10 |     fn encode_features(&self, features: &Self::Features) -> Vec<f32>;
   |     ^^^^^^^^^^^^^^^^^^^^^^^^^^^^^^^^^^^^^^^^^^^^^^^^^^^^^^^^^^^^^^^^^

warning: missing documentation for a method
  --> crates/nes-ai/src/profile.rs:11:5
   |
11 |     fn feature_count(&self) -> usize;
   |     ^^^^^^^^^^^^^^^^^^^^^^^^^^^^^^^^^

warning: missing documentation for a module
 --> crates/nes-ai/src/profiles/mod.rs:1:1
  |
1 | pub mod smb;
  | ^^^^^^^^^^^

warning: missing documentation for a struct
 --> crates/nes-ai/src/profiles/smb.rs:6:1
  |
6 | pub struct SmbFeatures {
  | ^^^^^^^^^^^^^^^^^^^^^^

warning: missing documentation for a struct field
 --> crates/nes-ai/src/profiles/smb.rs:7:5
  |
7 |     pub level_progress: f32,
  |     ^^^^^^^^^^^^^^^^^^^^^^^

warning: missing documentation for a struct field
 --> crates/nes-ai/src/profiles/smb.rs:8:5
  |
8 |     pub horizontal_speed: f32,
  |     ^^^^^^^^^^^^^^^^^^^^^^^^^

warning: missing documentation for a struct field
 --> crates/nes-ai/src/profiles/smb.rs:9:5
  |
9 |     pub vertical_speed: f32,
  |     ^^^^^^^^^^^^^^^^^^^^^^^

warning: missing documentation for a struct field
  --> crates/nes-ai/src/profiles/smb.rs:10:5
   |
10 |     pub airborne: bool,
   |     ^^^^^^^^^^^^^^^^^^

warning: missing documentation for a struct field
  --> crates/nes-ai/src/profiles/smb.rs:11:5
   |
11 |     pub player_state: u8,
   |     ^^^^^^^^^^^^^^^^^^^^

warning: missing documentation for a struct field
  --> crates/nes-ai/src/profiles/smb.rs:12:5
   |
12 |     pub lives: u8,
   |     ^^^^^^^^^^^^^

warning: missing documentation for a struct
  --> crates/nes-ai/src/profiles/smb.rs:16:1
   |
16 | pub struct SmbProfile {
   | ^^^^^^^^^^^^^^^^^^^^^

warning: missing documentation for an associated function
  --> crates/nes-ai/src/profiles/smb.rs:22:5
   |
22 |     pub fn new(config: AiProfileConfig) -> Self {
   |     ^^^^^^^^^^^^^^^^^^^^^^^^^^^^^^^^^^^^^^^^^^^

warning: missing documentation for a trait
 --> crates/nes-ai/src/reward.rs:3:1
  |
3 | pub trait RewardFeatures {
  | ^^^^^^^^^^^^^^^^^^^^^^^^

warning: missing documentation for a method
 --> crates/nes-ai/src/reward.rs:4:5
  |
4 |     fn level_progress(&self) -> f32;
  |     ^^^^^^^^^^^^^^^^^^^^^^^^^^^^^^^^

warning: missing documentation for a method
 --> crates/nes-ai/src/reward.rs:5:5
  |
5 |     fn player_state(&self) -> u8;
  |     ^^^^^^^^^^^^^^^^^^^^^^^^^^^^^

warning: missing documentation for a method
 --> crates/nes-ai/src/reward.rs:6:5
  |
6 |     fn lives(&self) -> u8;
  |     ^^^^^^^^^^^^^^^^^^^^^^

warning: missing documentation for a struct
  --> crates/nes-ai/src/reward.rs:24:1
   |
24 | pub struct RewardBreakdown {
   | ^^^^^^^^^^^^^^^^^^^^^^^^^^

warning: missing documentation for a struct field
  --> crates/nes-ai/src/reward.rs:25:5
   |
25 |     pub total: f32,
   |     ^^^^^^^^^^^^^^

warning: missing documentation for a struct field
  --> crates/nes-ai/src/reward.rs:26:5
   |
26 |     pub progress_delta: f32,
   |     ^^^^^^^^^^^^^^^^^^^^^^^

warning: missing documentation for a struct field
  --> crates/nes-ai/src/reward.rs:27:5
   |
27 |     pub alive_bonus: f32,
   |     ^^^^^^^^^^^^^^^^^^^^

warning: missing documentation for a struct field
  --> crates/nes-ai/src/reward.rs:28:5
   |
28 |     pub stall_penalty: f32,
   |     ^^^^^^^^^^^^^^^^^^^^^^

warning: missing documentation for a struct field
  --> crates/nes-ai/src/reward.rs:29:5
   |
29 |     pub death_penalty: f32,
   |     ^^^^^^^^^^^^^^^^^^^^^^

warning: missing documentation for a struct field
  --> crates/nes-ai/src/reward.rs:30:5
   |
30 |     pub done: bool,
   |     ^^^^^^^^^^^^^^

warning: missing documentation for a struct
  --> crates/nes-ai/src/reward.rs:34:1
   |
34 | pub struct RewardModel {
   | ^^^^^^^^^^^^^^^^^^^^^^

warning: missing documentation for an associated function
  --> crates/nes-ai/src/reward.rs:40:5
   |
40 |     pub fn new(cfg: RewardConfig) -> Self {
   |     ^^^^^^^^^^^^^^^^^^^^^^^^^^^^^^^^^^^^^

warning: missing documentation for a method
  --> crates/nes-ai/src/reward.rs:45:5
   |
45 | /     pub fn score<F: RewardFeatures>(
46 | |         &self,
47 | |         prev: &F,
48 | |         next: &F,
49 | |         stalled_frames: u32,
50 | |     ) -> RewardBreakdown {
   | |________________________^

warning: missing documentation for a constant
  --> crates/nes-ai/src/snapshot.rs:10:1
   |
10 | pub const SNAPSHOT_BUNDLE_VERSION: u32 = 1;
   | ^^^^^^^^^^^^^^^^^^^^^^^^^^^^^^^^^^^^^^

warning: missing documentation for a struct
  --> crates/nes-ai/src/snapshot.rs:14:1
   |
14 | pub struct SnapshotBundle {
   | ^^^^^^^^^^^^^^^^^^^^^^^^^

warning: missing documentation for a struct field
  --> crates/nes-ai/src/snapshot.rs:15:5
   |
15 |     pub version: u32,
   |     ^^^^^^^^^^^^^^^^

warning: missing documentation for a struct field
  --> crates/nes-ai/src/snapshot.rs:16:5
   |
16 |     pub rom_hash: String,
   |     ^^^^^^^^^^^^^^^^^^^^

warning: missing documentation for a struct field
  --> crates/nes-ai/src/snapshot.rs:17:5
   |
17 |     pub snapshot_id: String,
   |     ^^^^^^^^^^^^^^^^^^^^^^^

warning: missing documentation for a struct field
  --> crates/nes-ai/src/snapshot.rs:18:5
   |
18 |     pub snapshot: CoreSnapshot,
   |     ^^^^^^^^^^^^^^^^^^^^^^^^^^

warning: missing documentation for a function
  --> crates/nes-ai/src/snapshot.rs:84:1
   |
84 | pub fn sha256_hex(bytes: &[u8]) -> String {
   | ^^^^^^^^^^^^^^^^^^^^^^^^^^^^^^^^^^^^^^^^^

warning: missing documentation for a type alias
  --> crates/nes-ai/src/trainer.rs:29:1
   |
29 | pub type TrainBackend = Autodiff<NdArray<f32>>;
   | ^^^^^^^^^^^^^^^^^^^^^

warning: missing documentation for a struct
  --> crates/nes-ai/src/trainer.rs:39:1
   |
39 | pub struct TrainerConfig {
   | ^^^^^^^^^^^^^^^^^^^^^^^^

warning: missing documentation for a struct field
  --> crates/nes-ai/src/trainer.rs:40:5
   |
40 |     pub seed: u64,
   |     ^^^^^^^^^^^^^

warning: missing documentation for a struct field
  --> crates/nes-ai/src/trainer.rs:41:5
   |
41 |     pub rollout_steps: usize,
   |     ^^^^^^^^^^^^^^^^^^^^^^^^

warning: missing documentation for a struct field
  --> crates/nes-ai/src/trainer.rs:42:5
   |
42 |     pub minibatch_size: usize,
   |     ^^^^^^^^^^^^^^^^^^^^^^^^^

warning: missing documentation for a struct field
  --> crates/nes-ai/src/trainer.rs:43:5
   |
43 |     pub epochs: usize,
   |     ^^^^^^^^^^^^^^^^^

warning: missing documentation for a struct field
  --> crates/nes-ai/src/trainer.rs:44:5
   |
44 |     pub training_updates: usize,
   |     ^^^^^^^^^^^^^^^^^^^^^^^^^^^

warning: missing documentation for a struct field
  --> crates/nes-ai/src/trainer.rs:45:5
   |
45 |     pub learning_rate: f32,
   |     ^^^^^^^^^^^^^^^^^^^^^^

warning: missing documentation for a struct field
  --> crates/nes-ai/src/trainer.rs:46:5
   |
46 |     pub discount_gamma: f32,
   |     ^^^^^^^^^^^^^^^^^^^^^^^

warning: missing documentation for a struct field
  --> crates/nes-ai/src/trainer.rs:47:5
   |
47 |     pub gae_lambda: f32,
   |     ^^^^^^^^^^^^^^^^^^^

warning: missing documentation for a struct field
  --> crates/nes-ai/src/trainer.rs:48:5
   |
48 |     pub clip_epsilon: f32,
   |     ^^^^^^^^^^^^^^^^^^^^^

warning: missing documentation for a struct field
  --> crates/nes-ai/src/trainer.rs:49:5
   |
49 |     pub entropy_coefficient: f32,
   |     ^^^^^^^^^^^^^^^^^^^^^^^^^^^^

warning: missing documentation for a struct field
  --> crates/nes-ai/src/trainer.rs:50:5
   |
50 |     pub value_loss_coefficient: f32,
   |     ^^^^^^^^^^^^^^^^^^^^^^^^^^^^^^^

warning: missing documentation for a struct field
  --> crates/nes-ai/src/trainer.rs:51:5
   |
51 |     pub checkpoint_interval: usize,
   |     ^^^^^^^^^^^^^^^^^^^^^^^^^^^^^^

warning: missing documentation for a struct field
  --> crates/nes-ai/src/trainer.rs:52:5
   |
52 |     pub checkpoint_dir: Option<PathBuf>,
   |     ^^^^^^^^^^^^^^^^^^^^^^^^^^^^^^^^^^^

warning: missing documentation for a struct field
  --> crates/nes-ai/src/trainer.rs:53:5
   |
53 |     pub artifact_dir: Option<PathBuf>,
   |     ^^^^^^^^^^^^^^^^^^^^^^^^^^^^^^^^^

warning: missing documentation for an associated function
  --> crates/nes-ai/src/trainer.rs:58:5
   |
58 |     pub fn smoke() -> Self {
   |     ^^^^^^^^^^^^^^^^^^^^^^

warning: missing documentation for a struct
  --> crates/nes-ai/src/trainer.rs:79:1
   |
79 | pub struct EvalSummary {
   | ^^^^^^^^^^^^^^^^^^^^^^

warning: missing documentation for a struct field
  --> crates/nes-ai/src/trainer.rs:80:5
   |
80 |     pub average_return: f32,
   |     ^^^^^^^^^^^^^^^^^^^^^^^

warning: missing documentation for a struct field
  --> crates/nes-ai/src/trainer.rs:81:5
   |
81 |     pub artifact_paths: Vec<EpisodeArtifactPaths>,
   |     ^^^^^^^^^^^^^^^^^^^^^^^^^^^^^^^^^^^^^^^^^^^^^

warning: missing documentation for a struct
  --> crates/nes-ai/src/trainer.rs:85:1
   |
85 | pub struct TrainSummary {
   | ^^^^^^^^^^^^^^^^^^^^^^^

warning: missing documentation for a struct field
  --> crates/nes-ai/src/trainer.rs:86:5
   |
86 |     pub average_return: f32,
   |     ^^^^^^^^^^^^^^^^^^^^^^^

warning: missing documentation for a struct field
  --> crates/nes-ai/src/trainer.rs:87:5
   |
87 |     pub checkpoint_paths: Vec<PathBuf>,
   |     ^^^^^^^^^^^^^^^^^^^^^^^^^^^^^^^^^^

warning: missing documentation for a struct field
  --> crates/nes-ai/src/trainer.rs:88:5
   |
88 |     pub artifact_paths: Vec<EpisodeArtifactPaths>,
   |     ^^^^^^^^^^^^^^^^^^^^^^^^^^^^^^^^^^^^^^^^^^^^^

warning: `nes-ai` (lib doc) generated 204 warnings
    Checking nes-rewind v0.1.0 (/app/crates/nes-rewind)
warning: missing documentation for the crate
   --> crates/nes-web/src/lib.rs:1:1
    |
  1 | / pub mod bridge;
  2 | | pub mod runtime;
  3 | |
  4 | | pub use runtime::WebRuntime;
...   |
152 | |     JsValue::from_str(&err)
153 | | }
    | |_^
    |
    = note: requested on the command line with `-W missing-docs`

warning: missing documentation for a module
 --> crates/nes-web/src/lib.rs:1:1
  |
1 | pub mod bridge;
  | ^^^^^^^^^^^^^^

warning: missing documentation for a module
 --> crates/nes-web/src/lib.rs:2:1
  |
2 | pub mod runtime;
  | ^^^^^^^^^^^^^^^

warning: missing documentation for a struct
 --> crates/nes-web/src/lib.rs:9:1
  |
9 | pub struct NesWebEmulator {
  | ^^^^^^^^^^^^^^^^^^^^^^^^^

warning: missing documentation for an associated function
  --> crates/nes-web/src/lib.rs:17:5
   |
17 |     pub fn new() -> Self {
   |     ^^^^^^^^^^^^^^^^^^^^

warning: missing documentation for a method
  --> crates/nes-web/src/lib.rs:23:5
   |
23 |     pub fn load_rom(&mut self, rom_bytes: &[u8]) -> Result<(), JsValue> {
   |     ^^^^^^^^^^^^^^^^^^^^^^^^^^^^^^^^^^^^^^^^^^^^^^^^^^^^^^^^^^^^^^^^^^^

warning: missing documentation for a method
  --> crates/nes-web/src/lib.rs:27:5
   |
27 |     pub fn step_frame(&mut self) -> Result<(), JsValue> {
   |     ^^^^^^^^^^^^^^^^^^^^^^^^^^^^^^^^^^^^^^^^^^^^^^^^^^^

warning: missing documentation for a method
  --> crates/nes-web/src/lib.rs:31:5
   |
31 |     pub fn step_scanline(&mut self) -> Result<(), JsValue> {
   |     ^^^^^^^^^^^^^^^^^^^^^^^^^^^^^^^^^^^^^^^^^^^^^^^^^^^^^^

warning: missing documentation for a method
  --> crates/nes-web/src/lib.rs:35:5
   |
35 |     pub fn step_cpu(&mut self) -> Result<(), JsValue> {
   |     ^^^^^^^^^^^^^^^^^^^^^^^^^^^^^^^^^^^^^^^^^^^^^^^^^

warning: missing documentation for a method
  --> crates/nes-web/src/lib.rs:39:5
   |
39 |     pub fn pause(&mut self) -> Result<(), JsValue> {
   |     ^^^^^^^^^^^^^^^^^^^^^^^^^^^^^^^^^^^^^^^^^^^^^^

warning: missing documentation for a method
  --> crates/nes-web/src/lib.rs:43:5
   |
43 |     pub fn resume(&mut self) -> Result<(), JsValue> {
   |     ^^^^^^^^^^^^^^^^^^^^^^^^^^^^^^^^^^^^^^^^^^^^^^^

warning: missing documentation for a method
  --> crates/nes-web/src/lib.rs:47:5
   |
47 |     pub fn reset(&mut self) -> Result<(), JsValue> {
   |     ^^^^^^^^^^^^^^^^^^^^^^^^^^^^^^^^^^^^^^^^^^^^^^

warning: missing documentation for a method
  --> crates/nes-web/src/lib.rs:51:5
   |
51 |     pub fn power_cycle(&mut self) -> Result<(), JsValue> {
   |     ^^^^^^^^^^^^^^^^^^^^^^^^^^^^^^^^^^^^^^^^^^^^^^^^^^^^

warning: missing documentation for a method
  --> crates/nes-web/src/lib.rs:55:5
   |
55 |     pub fn set_speed(&mut self, speed_permille: u16) -> Result<(), JsValue> {
   |     ^^^^^^^^^^^^^^^^^^^^^^^^^^^^^^^^^^^^^^^^^^^^^^^^^^^^^^^^^^^^^^^^^^^^^^^

warning: missing documentation for a method
  --> crates/nes-web/src/lib.rs:59:5
   |
59 |     pub fn set_controller_state(&mut self, bits: u8) -> Result<(), JsValue> {
   |     ^^^^^^^^^^^^^^^^^^^^^^^^^^^^^^^^^^^^^^^^^^^^^^^^^^^^^^^^^^^^^^^^^^^^^^^

warning: missing documentation for a method
  --> crates/nes-web/src/lib.rs:63:5
   |
63 |     pub fn press_button(&mut self, button: &str) -> Result<(), JsValue> {
   |     ^^^^^^^^^^^^^^^^^^^^^^^^^^^^^^^^^^^^^^^^^^^^^^^^^^^^^^^^^^^^^^^^^^^

warning: missing documentation for a method
  --> crates/nes-web/src/lib.rs:67:5
   |
67 |     pub fn release_button(&mut self, button: &str) -> Result<(), JsValue> {
   |     ^^^^^^^^^^^^^^^^^^^^^^^^^^^^^^^^^^^^^^^^^^^^^^^^^^^^^^^^^^^^^^^^^^^^^

warning: missing documentation for a method
  --> crates/nes-web/src/lib.rs:71:5
   |
71 |     pub fn dispatch_dom_key(&mut self, key_code: &str, pressed: bool) -> Result<bool, JsValue> {
   |     ^^^^^^^^^^^^^^^^^^^^^^^^^^^^^^^^^^^^^^^^^^^^^^^^^^^^^^^^^^^^^^^^^^^^^^^^^^^^^^^^^^^^^^^^^^

warning: missing documentation for a method
  --> crates/nes-web/src/lib.rs:77:5
   |
77 |     pub fn refresh_frame_rgba(&mut self) {
   |     ^^^^^^^^^^^^^^^^^^^^^^^^^^^^^^^^^^^^

warning: missing documentation for a method
  --> crates/nes-web/src/lib.rs:81:5
   |
81 |     pub fn frame_rgba(&mut self) -> Vec<u8> {
   |     ^^^^^^^^^^^^^^^^^^^^^^^^^^^^^^^^^^^^^^^

warning: missing documentation for a method
  --> crates/nes-web/src/lib.rs:86:5
   |
86 |     pub fn frame_rgba_ptr(&self) -> *const u8 {
   |     ^^^^^^^^^^^^^^^^^^^^^^^^^^^^^^^^^^^^^^^^^

warning: missing documentation for a method
  --> crates/nes-web/src/lib.rs:91:5
   |
91 |     pub fn frame_rgba_len(&self) -> usize {
   |     ^^^^^^^^^^^^^^^^^^^^^^^^^^^^^^^^^^^^^

warning: missing documentation for a method
  --> crates/nes-web/src/lib.rs:95:5
   |
95 |     pub fn audio_chunk_i16(&mut self) -> Vec<i16> {
   |     ^^^^^^^^^^^^^^^^^^^^^^^^^^^^^^^^^^^^^^^^^^^^^

warning: missing documentation for a method
   --> crates/nes-web/src/lib.rs:100:5
    |
100 |     pub fn cpu_pc(&self) -> u16 {
    |     ^^^^^^^^^^^^^^^^^^^^^^^^^^^

warning: missing documentation for a method
   --> crates/nes-web/src/lib.rs:105:5
    |
105 |     pub fn fps_milli(&self) -> u32 {
    |     ^^^^^^^^^^^^^^^^^^^^^^^^^^^^^^

warning: missing documentation for a method
   --> crates/nes-web/src/lib.rs:110:5
    |
110 |     pub fn ppu_frame_counter(&self) -> u64 {
    |     ^^^^^^^^^^^^^^^^^^^^^^^^^^^^^^^^^^^^^^

warning: missing documentation for a method
   --> crates/nes-web/src/lib.rs:115:5
    |
115 |     pub fn state_hash(&self) -> u64 {
    |     ^^^^^^^^^^^^^^^^^^^^^^^^^^^^^^^

warning: missing documentation for a method
   --> crates/nes-web/src/lib.rs:120:5
    |
120 |     pub fn controller_bits(&self) -> u8 {
    |     ^^^^^^^^^^^^^^^^^^^^^^^^^^^^^^^^^^^

warning: missing documentation for a method
   --> crates/nes-web/src/lib.rs:125:5
    |
125 |     pub fn frame_width(&self) -> u32 {
    |     ^^^^^^^^^^^^^^^^^^^^^^^^^^^^^^^^

warning: missing documentation for a method
   --> crates/nes-web/src/lib.rs:130:5
    |
130 |     pub fn frame_height(&self) -> u32 {
    |     ^^^^^^^^^^^^^^^^^^^^^^^^^^^^^^^^^

warning: missing documentation for a method
   --> crates/nes-web/src/lib.rs:135:5
    |
135 |     pub fn audio_sample_rate(&self) -> u32 {
    |     ^^^^^^^^^^^^^^^^^^^^^^^^^^^^^^^^^^^^^^

warning: missing documentation for a method
   --> crates/nes-web/src/lib.rs:140:5
    |
140 |     pub fn audio_chunk_samples(&self) -> u32 {
    |     ^^^^^^^^^^^^^^^^^^^^^^^^^^^^^^^^^^^^^^^^

warning: missing documentation for a struct
 --> crates/nes-web/src/bridge.rs:4:1
  |
4 | pub struct BridgeCommand {
  | ^^^^^^^^^^^^^^^^^^^^^^^^

warning: missing documentation for a struct field
 --> crates/nes-web/src/bridge.rs:5:5
  |
5 |     pub core: Command,
  |     ^^^^^^^^^^^^^^^^^

warning: missing documentation for a method
  --> crates/nes-web/src/bridge.rs:10:5
   |
10 |     pub fn tool_name(self) -> &'static str {
   |     ^^^^^^^^^^^^^^^^^^^^^^^^^^^^^^^^^^^^^^

warning: missing documentation for a function
  --> crates/nes-web/src/bridge.rs:20:1
   |
20 | pub fn map_dom_key_to_command(key_code: &str, pressed: bool) -> Option<BridgeCommand> {
   | ^^^^^^^^^^^^^^^^^^^^^^^^^^^^^^^^^^^^^^^^^^^^^^^^^^^^^^^^^^^^^^^^^^^^^^^^^^^^^^^^^^^^^

warning: missing documentation for a struct
 --> crates/nes-web/src/runtime.rs:9:1
  |
9 | pub struct WebRuntime {
  | ^^^^^^^^^^^^^^^^^^^^^

warning: missing documentation for an associated function
  --> crates/nes-web/src/runtime.rs:16:5
   |
16 |     pub fn new() -> Self {
   |     ^^^^^^^^^^^^^^^^^^^^

warning: missing documentation for a method
  --> crates/nes-web/src/runtime.rs:23:5
   |
23 |     pub fn load_rom(&mut self, rom_bytes: &[u8]) -> Result<(), String> {
   |     ^^^^^^^^^^^^^^^^^^^^^^^^^^^^^^^^^^^^^^^^^^^^^^^^^^^^^^^^^^^^^^^^^^

warning: missing documentation for a method
  --> crates/nes-web/src/runtime.rs:30:5
   |
30 |     pub fn step_frame(&mut self) -> Result<(), String> {
   |     ^^^^^^^^^^^^^^^^^^^^^^^^^^^^^^^^^^^^^^^^^^^^^^^^^^

warning: missing documentation for a method
  --> crates/nes-web/src/runtime.rs:34:5
   |
34 |     pub fn step_scanline(&mut self) -> Result<(), String> {
   |     ^^^^^^^^^^^^^^^^^^^^^^^^^^^^^^^^^^^^^^^^^^^^^^^^^^^^^

warning: missing documentation for a method
  --> crates/nes-web/src/runtime.rs:38:5
   |
38 |     pub fn step_cpu(&mut self) -> Result<(), String> {
   |     ^^^^^^^^^^^^^^^^^^^^^^^^^^^^^^^^^^^^^^^^^^^^^^^^

warning: missing documentation for a method
  --> crates/nes-web/src/runtime.rs:42:5
   |
42 |     pub fn pause(&mut self) -> Result<(), String> {
   |     ^^^^^^^^^^^^^^^^^^^^^^^^^^^^^^^^^^^^^^^^^^^^^

warning: missing documentation for a method
  --> crates/nes-web/src/runtime.rs:46:5
   |
46 |     pub fn resume(&mut self) -> Result<(), String> {
   |     ^^^^^^^^^^^^^^^^^^^^^^^^^^^^^^^^^^^^^^^^^^^^^^

warning: missing documentation for a method
  --> crates/nes-web/src/runtime.rs:50:5
   |
50 |     pub fn reset(&mut self) -> Result<(), String> {
   |     ^^^^^^^^^^^^^^^^^^^^^^^^^^^^^^^^^^^^^^^^^^^^^

warning: missing documentation for a method
  --> crates/nes-web/src/runtime.rs:54:5
   |
54 |     pub fn power_cycle(&mut self) -> Result<(), String> {
   |     ^^^^^^^^^^^^^^^^^^^^^^^^^^^^^^^^^^^^^^^^^^^^^^^^^^^

warning: missing documentation for a method
  --> crates/nes-web/src/runtime.rs:58:5
   |
58 |     pub fn set_speed(&mut self, speed_permille: u16) -> Result<(), String> {
   |     ^^^^^^^^^^^^^^^^^^^^^^^^^^^^^^^^^^^^^^^^^^^^^^^^^^^^^^^^^^^^^^^^^^^^^^

warning: missing documentation for a method
  --> crates/nes-web/src/runtime.rs:62:5
   |
62 |     pub fn set_controller_state(&mut self, bits: u8) -> Result<(), String> {
   |     ^^^^^^^^^^^^^^^^^^^^^^^^^^^^^^^^^^^^^^^^^^^^^^^^^^^^^^^^^^^^^^^^^^^^^^

warning: missing documentation for a method
  --> crates/nes-web/src/runtime.rs:66:5
   |
66 |     pub fn press_button(&mut self, button: &str) -> Result<(), String> {
   |     ^^^^^^^^^^^^^^^^^^^^^^^^^^^^^^^^^^^^^^^^^^^^^^^^^^^^^^^^^^^^^^^^^^

warning: missing documentation for a method
  --> crates/nes-web/src/runtime.rs:71:5
   |
71 |     pub fn release_button(&mut self, button: &str) -> Result<(), String> {
   |     ^^^^^^^^^^^^^^^^^^^^^^^^^^^^^^^^^^^^^^^^^^^^^^^^^^^^^^^^^^^^^^^^^^^^

warning: missing documentation for a method
  --> crates/nes-web/src/runtime.rs:76:5
   |
76 |     pub fn dispatch_dom_key(&mut self, key_code: &str, pressed: bool) -> Result<bool, String> {
   |     ^^^^^^^^^^^^^^^^^^^^^^^^^^^^^^^^^^^^^^^^^^^^^^^^^^^^^^^^^^^^^^^^^^^^^^^^^^^^^^^^^^^^^^^^^

warning: missing documentation for a method
  --> crates/nes-web/src/runtime.rs:85:5
   |
85 |     pub fn refresh_frame_rgba(&mut self) -> &[u8] {
   |     ^^^^^^^^^^^^^^^^^^^^^^^^^^^^^^^^^^^^^^^^^^^^^

warning: missing documentation for a method
  --> crates/nes-web/src/runtime.rs:91:5
   |
91 |     pub fn frame_rgba(&mut self) -> Vec<u8> {
   |     ^^^^^^^^^^^^^^^^^^^^^^^^^^^^^^^^^^^^^^^

warning: missing documentation for a method
  --> crates/nes-web/src/runtime.rs:96:5
   |
96 |     pub fn frame_rgba_ptr(&self) -> *const u8 {
   |     ^^^^^^^^^^^^^^^^^^^^^^^^^^^^^^^^^^^^^^^^^

warning: missing documentation for a method
   --> crates/nes-web/src/runtime.rs:101:5
    |
101 |     pub fn frame_rgba_len(&self) -> usize {
    |     ^^^^^^^^^^^^^^^^^^^^^^^^^^^^^^^^^^^^^

warning: missing documentation for a method
   --> crates/nes-web/src/runtime.rs:106:5
    |
106 |     pub fn audio_chunk_i16(&mut self) -> Vec<i16> {
    |     ^^^^^^^^^^^^^^^^^^^^^^^^^^^^^^^^^^^^^^^^^^^^^

warning: missing documentation for a method
   --> crates/nes-web/src/runtime.rs:111:5
    |
111 |     pub fn cpu_pc(&self) -> u16 {
    |     ^^^^^^^^^^^^^^^^^^^^^^^^^^^

warning: missing documentation for a method
   --> crates/nes-web/src/runtime.rs:116:5
    |
116 |     pub fn fps_milli(&self) -> u32 {
    |     ^^^^^^^^^^^^^^^^^^^^^^^^^^^^^^

warning: missing documentation for a method
   --> crates/nes-web/src/runtime.rs:121:5
    |
121 |     pub fn ppu_frame_counter(&self) -> u64 {
    |     ^^^^^^^^^^^^^^^^^^^^^^^^^^^^^^^^^^^^^^

warning: missing documentation for a method
   --> crates/nes-web/src/runtime.rs:126:5
    |
126 |     pub fn state_hash(&self) -> u64 {
    |     ^^^^^^^^^^^^^^^^^^^^^^^^^^^^^^^

warning: missing documentation for a method
   --> crates/nes-web/src/runtime.rs:131:5
    |
131 |     pub fn controller_bits(&self) -> u8 {
    |     ^^^^^^^^^^^^^^^^^^^^^^^^^^^^^^^^^^^

warning: missing documentation for a method
   --> crates/nes-web/src/runtime.rs:136:5
    |
136 |     pub fn frame_width(&self) -> u32 {
    |     ^^^^^^^^^^^^^^^^^^^^^^^^^^^^^^^^

warning: missing documentation for a method
   --> crates/nes-web/src/runtime.rs:141:5
    |
141 |     pub fn frame_height(&self) -> u32 {
    |     ^^^^^^^^^^^^^^^^^^^^^^^^^^^^^^^^^

warning: missing documentation for a method
   --> crates/nes-web/src/runtime.rs:146:5
    |
146 |     pub fn audio_sample_rate(&self) -> u32 {
    |     ^^^^^^^^^^^^^^^^^^^^^^^^^^^^^^^^^^^^^^

warning: missing documentation for a method
   --> crates/nes-web/src/runtime.rs:151:5
    |
151 |     pub fn audio_chunk_samples(&self) -> u32 {
    |     ^^^^^^^^^^^^^^^^^^^^^^^^^^^^^^^^^^^^^^^^

warning: `nes-web` (lib doc) generated 65 warnings
warning: missing documentation for the crate
 --> crates/nes-tui/src/lib.rs:1:1
  |
1 | / pub mod app;
2 | | pub mod render;
  | |_______________^
  |
  = note: requested on the command line with `-W missing-docs`

warning: missing documentation for a module
 --> crates/nes-tui/src/lib.rs:1:1
  |
1 | pub mod app;
  | ^^^^^^^^^^^

warning: missing documentation for a module
 --> crates/nes-tui/src/lib.rs:2:1
  |
2 | pub mod render;
  | ^^^^^^^^^^^^^^

warning: missing documentation for a struct
 --> crates/nes-tui/src/app.rs:5:1
  |
5 | pub struct BridgeCommand {
  | ^^^^^^^^^^^^^^^^^^^^^^^^

warning: missing documentation for a struct field
 --> crates/nes-tui/src/app.rs:6:5
  |
6 |     pub core: Command,
  |     ^^^^^^^^^^^^^^^^^

warning: missing documentation for a method
  --> crates/nes-tui/src/app.rs:11:5
   |
11 |     pub fn tool_name(self) -> &'static str {
   |     ^^^^^^^^^^^^^^^^^^^^^^^^^^^^^^^^^^^^^^

warning: missing documentation for a function
  --> crates/nes-tui/src/app.rs:21:1
   |
21 | pub fn map_key_event_to_command(key_code: KeyCode, pressed: bool) -> Option<BridgeCommand> {
   | ^^^^^^^^^^^^^^^^^^^^^^^^^^^^^^^^^^^^^^^^^^^^^^^^^^^^^^^^^^^^^^^^^^^^^^^^^^^^^^^^^^^^^^^^^^

warning: missing documentation for a function
  --> crates/nes-tui/src/render.rs:6:1
   |
 6 | / pub fn downsample_frame_rgb(
 7 | |     frame_rgba: &[u8],
 8 | |     target_width: u16,
 9 | |     target_height: u16,
10 | | ) -> Vec<(u8, u8, u8)> {
   | |______________________^

warning: missing documentation for a function
  --> crates/nes-tui/src/render.rs:44:1
   |
44 | pub fn frame_lines_from_rgb(cells: &[(u8, u8, u8)], width: u16) -> Vec<Line<'static>> {
   | ^^^^^^^^^^^^^^^^^^^^^^^^^^^^^^^^^^^^^^^^^^^^^^^^^^^^^^^^^^^^^^^^^^^^^^^^^^^^^^^^^^^^^

warning: missing documentation for a function
  --> crates/nes-tui/src/render.rs:67:1
   |
67 | / pub fn frame_lines_half_blocks(
68 | |     frame_rgba: &[u8],
69 | |     target_width: u16,
70 | |     target_height: u16,
71 | | ) -> Vec<Line<'static>> {
   | |_______________________^

warning: missing documentation for a function
   --> crates/nes-tui/src/render.rs:108:1
    |
108 | / pub fn frame_lines_quarter_blocks(
109 | |     frame_rgba: &[u8],
110 | |     target_width: u16,
111 | |     target_height: u16,
112 | | ) -> Vec<Line<'static>> {
    | |_______________________^

warning: missing documentation for a function
   --> crates/nes-tui/src/render.rs:157:1
    |
157 | pub fn mini_palette_spans(frame_rgba: &[u8], swatches: usize) -> Vec<Span<'static>> {
    | ^^^^^^^^^^^^^^^^^^^^^^^^^^^^^^^^^^^^^^^^^^^^^^^^^^^^^^^^^^^^^^^^^^^^^^^^^^^^^^^^^^^

warning: missing documentation for the crate
  --> crates/nes-ai/src/bin/train_smb_control.rs:1:1
   |
 1 | / use std::{env, fs, path::PathBuf};
 2 | |
 3 | | use nes_ai::{
 4 | |     config::AiProfileConfig,
...  |
36 | |     Ok(())
37 | | }
   | |_^
   |
   = note: requested on the command line with `-W missing-docs`

warning: `nes-tui` (lib doc) generated 12 warnings
warning: `nes-ai` (bin "train_smb_control" doc) generated 1 warning
warning: missing documentation for the crate
  --> crates/nes-ai/src/bin/eval_smb_control.rs:1:1
   |
 1 | / use std::{env, fs, path::PathBuf};
 2 | |
 3 | | use nes_ai::{
 4 | |     config::AiProfileConfig,
...  |
35 | |     Ok(())
36 | | }
   | |_^
   |
   = note: requested on the command line with `-W missing-docs`

warning: missing documentation for the crate
  --> crates/nes-ai/src/bin/prepare_smb_control.rs:1:1
   |
 1 | / use std::{env, fs, path::PathBuf};
 2 | |
 3 | | use nes_ai::snapshot::{sha256_hex, write_snapshot_bundle};
 4 | | use nes_core::{NesCore, tas::TasMovie};
...  |
27 | |     Ok(())
28 | | }
   | |_^
   |
   = note: requested on the command line with `-W missing-docs`

warning: `nes-ai` (bin "eval_smb_control" doc) generated 1 warning
warning: `nes-ai` (bin "prepare_smb_control" doc) generated 1 warning
warning: missing documentation for the crate
 --> crates/nes-relay/src/lib.rs:1:1
  |
1 | pub mod config;
  | ^^^^^^^^^^^^^^^
  |
  = note: requested on the command line with `-W missing-docs`

warning: missing documentation for a module
 --> crates/nes-relay/src/lib.rs:1:1
  |
1 | pub mod config;
  | ^^^^^^^^^^^^^^

warning: missing documentation for a struct
 --> crates/nes-relay/src/config.rs:2:1
  |
2 | pub struct LinkCondition {
  | ^^^^^^^^^^^^^^^^^^^^^^^^

warning: missing documentation for a struct field
 --> crates/nes-relay/src/config.rs:3:5
  |
3 |     pub latency_ms: u64,
  |     ^^^^^^^^^^^^^^^^^^^

warning: missing documentation for a struct field
 --> crates/nes-relay/src/config.rs:4:5
  |
4 |     pub jitter_ms: u64,
  |     ^^^^^^^^^^^^^^^^^^

warning: missing documentation for a struct field
 --> crates/nes-relay/src/config.rs:5:5
  |
5 |     pub loss_pct: u8,
  |     ^^^^^^^^^^^^^^^^

warning: missing documentation for a struct field
 --> crates/nes-relay/src/config.rs:6:5
  |
6 |     pub reorder_pct: u8,
  |     ^^^^^^^^^^^^^^^^^^^

warning: missing documentation for a struct
  --> crates/nes-relay/src/config.rs:10:1
   |
10 | pub struct RelayArgs {
   | ^^^^^^^^^^^^^^^^^^^^

warning: missing documentation for a struct field
  --> crates/nes-relay/src/config.rs:11:5
   |
11 |     pub bind_addr: String,
   |     ^^^^^^^^^^^^^^^^^^^^^

warning: missing documentation for a struct field
  --> crates/nes-relay/src/config.rs:12:5
   |
12 |     pub link: LinkCondition,
   |     ^^^^^^^^^^^^^^^^^^^^^^^

warning: missing documentation for a function
  --> crates/nes-relay/src/config.rs:15:1
   |
15 | pub fn parse_args(args: Vec<String>) -> Result<RelayArgs, String> {
   | ^^^^^^^^^^^^^^^^^^^^^^^^^^^^^^^^^^^^^^^^^^^^^^^^^^^^^^^^^^^^^^^^^

warning: missing documentation for a function
   --> crates/nes-relay/src/config.rs:113:1
    |
113 | pub fn parse_u64_arg(value: &str, flag: &str) -> Result<u64, String> {
    | ^^^^^^^^^^^^^^^^^^^^^^^^^^^^^^^^^^^^^^^^^^^^^^^^^^^^^^^^^^^^^^^^^^^^

warning: missing documentation for a function
   --> crates/nes-relay/src/config.rs:119:1
    |
119 | pub fn parse_percent_arg(value: &str, flag: &str) -> Result<u8, String> {
    | ^^^^^^^^^^^^^^^^^^^^^^^^^^^^^^^^^^^^^^^^^^^^^^^^^^^^^^^^^^^^^^^^^^^^^^^

warning: missing documentation for the crate
   --> crates/nes-config/src/lib.rs:1:1
    |
  1 | / use std::fs;
  2 | | use std::path::{Path, PathBuf};
  3 | |
  4 | | use serde::Deserialize;
...   |
370 | | }
    | |_^
    |
    = note: requested on the command line with `-W missing-docs`

warning: missing documentation for a constant
 --> crates/nes-config/src/lib.rs:6:1
  |
6 | pub const DEFAULT_CONFIG_PATH: &str = "nes.toml";
  | ^^^^^^^^^^^^^^^^^^^^^^^^^^^^^^^^^^^

warning: missing documentation for an enum
  --> crates/nes-config/src/lib.rs:25:1
   |
25 | pub enum StepModeConfig {
   | ^^^^^^^^^^^^^^^^^^^^^^^

warning: missing documentation for a variant
  --> crates/nes-config/src/lib.rs:26:5
   |
26 |     Cpu,
   |     ^^^

warning: missing documentation for a variant
  --> crates/nes-config/src/lib.rs:28:5
   |
28 |     Frame,
   |     ^^^^^

warning: missing documentation for a struct
  --> crates/nes-config/src/lib.rs:33:1
   |
33 | pub struct DesktopConfig {
   | ^^^^^^^^^^^^^^^^^^^^^^^^

warning: missing documentation for a struct field
  --> crates/nes-config/src/lib.rs:34:5
   |
34 |     pub rom_path: Option<String>,
   |     ^^^^^^^^^^^^^^^^^^^^^^^^^^^^

warning: missing documentation for a struct field
  --> crates/nes-config/src/lib.rs:35:5
   |
35 |     pub window_scale: u32,
   |     ^^^^^^^^^^^^^^^^^^^^^

warning: missing documentation for a struct field
  --> crates/nes-config/src/lib.rs:36:5
   |
36 |     pub step_mode: StepModeConfig,
   |     ^^^^^^^^^^^^^^^^^^^^^^^^^^^^^

warning: missing documentation for a struct field
  --> crates/nes-config/src/lib.rs:37:5
   |
37 |     pub cpu_steps_per_frame: u32,
   |     ^^^^^^^^^^^^^^^^^^^^^^^^^^^^

warning: missing documentation for a struct field
  --> crates/nes-config/src/lib.rs:38:5
   |
38 |     pub audio_enabled: bool,
   |     ^^^^^^^^^^^^^^^^^^^^^^^

warning: missing documentation for a struct field
  --> crates/nes-config/src/lib.rs:39:5
   |
39 |     pub trace_every_frames: u64,
   |     ^^^^^^^^^^^^^^^^^^^^^^^^^^^

warning: missing documentation for a struct field
  --> crates/nes-config/src/lib.rs:40:5
   |
40 |     pub metrics_enabled: bool,
   |     ^^^^^^^^^^^^^^^^^^^^^^^^^

warning: missing documentation for a struct field
  --> crates/nes-config/src/lib.rs:41:5
   |
41 |     pub metrics_every_frames: u64,
   |     ^^^^^^^^^^^^^^^^^^^^^^^^^^^^^

warning: missing documentation for a struct field
  --> crates/nes-config/src/lib.rs:42:5
   |
42 |     pub capture_path_template: Option<String>,
   |     ^^^^^^^^^^^^^^^^^^^^^^^^^^^^^^^^^^^^^^^^^

warning: missing documentation for a struct field
  --> crates/nes-config/src/lib.rs:43:5
   |
43 |     pub capture_every_frames: u64,
   |     ^^^^^^^^^^^^^^^^^^^^^^^^^^^^^

warning: missing documentation for a struct
  --> crates/nes-config/src/lib.rs:65:1
   |
65 | pub struct RomPathsConfig {
   | ^^^^^^^^^^^^^^^^^^^^^^^^^

warning: missing documentation for a struct field
  --> crates/nes-config/src/lib.rs:66:5
   |
66 |     pub smb: Option<String>,
   |     ^^^^^^^^^^^^^^^^^^^^^^^

warning: missing documentation for a struct field
  --> crates/nes-config/src/lib.rs:67:5
   |
67 |     pub nestest: Option<String>,
   |     ^^^^^^^^^^^^^^^^^^^^^^^^^^^

warning: missing documentation for a struct field
  --> crates/nes-config/src/lib.rs:68:5
   |
68 |     pub blargg_cpu: Option<String>,
   |     ^^^^^^^^^^^^^^^^^^^^^^^^^^^^^^

warning: missing documentation for a struct field
  --> crates/nes-config/src/lib.rs:69:5
   |
69 |     pub bbbradsmith_audio_suite_dir: Option<String>,
   |     ^^^^^^^^^^^^^^^^^^^^^^^^^^^^^^^^^^^^^^^^^^^^^^^

warning: missing documentation for a struct field
  --> crates/nes-config/src/lib.rs:70:5
   |
70 |     pub bbbradsmith_audio_golden_dir: Option<String>,
   |     ^^^^^^^^^^^^^^^^^^^^^^^^^^^^^^^^^^^^^^^^^^^^^^^^

warning: missing documentation for a struct
  --> crates/nes-config/src/lib.rs:75:1
   |
75 | pub struct NetplayConfig {
   | ^^^^^^^^^^^^^^^^^^^^^^^^

warning: missing documentation for a struct field
  --> crates/nes-config/src/lib.rs:76:5
   |
76 |     pub enabled: bool,
   |     ^^^^^^^^^^^^^^^^^

warning: missing documentation for a struct field
  --> crates/nes-config/src/lib.rs:77:5
   |
77 |     pub relay_addr: String,
   |     ^^^^^^^^^^^^^^^^^^^^^^

warning: missing documentation for a struct field
  --> crates/nes-config/src/lib.rs:78:5
   |
78 |     pub room: String,
   |     ^^^^^^^^^^^^^^^^

warning: missing documentation for a struct field
  --> crates/nes-config/src/lib.rs:79:5
   |
79 |     pub player: u8,
   |     ^^^^^^^^^^^^^^

warning: missing documentation for a struct field
  --> crates/nes-config/src/lib.rs:80:5
   |
80 |     pub input_delay_frames: u32,
   |     ^^^^^^^^^^^^^^^^^^^^^^^^^^^

warning: missing documentation for a struct field
  --> crates/nes-config/src/lib.rs:81:5
   |
81 |     pub max_rollback_frames: u32,
   |     ^^^^^^^^^^^^^^^^^^^^^^^^^^^^

warning: missing documentation for a struct field
  --> crates/nes-config/src/lib.rs:82:5
   |
82 |     pub hash_check_every_frames: u64,
   |     ^^^^^^^^^^^^^^^^^^^^^^^^^^^^^^^^

warning: missing documentation for a struct
   --> crates/nes-config/src/lib.rs:101:1
    |
101 | pub struct TimeMachineConfig {
    | ^^^^^^^^^^^^^^^^^^^^^^^^^^^^

warning: missing documentation for a struct field
   --> crates/nes-config/src/lib.rs:102:5
    |
102 |     pub enabled: bool,
    |     ^^^^^^^^^^^^^^^^^

warning: missing documentation for a struct field
   --> crates/nes-config/src/lib.rs:103:5
    |
103 |     pub max_history_seconds: u32,
    |     ^^^^^^^^^^^^^^^^^^^^^^^^^^^^

warning: missing documentation for a struct field
   --> crates/nes-config/src/lib.rs:104:5
    |
104 |     pub keyframe_base_interval: u64,
    |     ^^^^^^^^^^^^^^^^^^^^^^^^^^^^^^^

warning: missing documentation for a struct field
   --> crates/nes-config/src/lib.rs:105:5
    |
105 |     pub delta_spike_threshold: u32,
    |     ^^^^^^^^^^^^^^^^^^^^^^^^^^^^^^

warning: missing documentation for a struct
   --> crates/nes-config/src/lib.rs:121:1
    |
121 | pub struct NesConfig {
    | ^^^^^^^^^^^^^^^^^^^^

warning: missing documentation for a struct field
   --> crates/nes-config/src/lib.rs:122:5
    |
122 |     pub desktop: DesktopConfig,
    |     ^^^^^^^^^^^^^^^^^^^^^^^^^^

warning: missing documentation for a struct field
   --> crates/nes-config/src/lib.rs:123:5
    |
123 |     pub roms: RomPathsConfig,
    |     ^^^^^^^^^^^^^^^^^^^^^^^^

warning: missing documentation for a struct field
   --> crates/nes-config/src/lib.rs:124:5
    |
124 |     pub netplay: NetplayConfig,
    |     ^^^^^^^^^^^^^^^^^^^^^^^^^^

warning: missing documentation for a struct field
   --> crates/nes-config/src/lib.rs:125:5
    |
125 |     pub time_machine: TimeMachineConfig,
    |     ^^^^^^^^^^^^^^^^^^^^^^^^^^^^^^^^^^^

warning: missing documentation for an associated function
   --> crates/nes-config/src/lib.rs:129:5
    |
129 |     pub fn load(path: &Path) -> Result<Self, String> {
    |     ^^^^^^^^^^^^^^^^^^^^^^^^^^^^^^^^^^^^^^^^^^^^^^^^

warning: missing documentation for an associated function
   --> crates/nes-config/src/lib.rs:136:5
    |
136 |     pub fn load_or_default(path: Option<&Path>) -> Result<Self, String> {
    |     ^^^^^^^^^^^^^^^^^^^^^^^^^^^^^^^^^^^^^^^^^^^^^^^^^^^^^^^^^^^^^^^^^^^

warning: missing documentation for a function
   --> crates/nes-config/src/lib.rs:151:1
    |
151 | pub fn normalize_nonzero_u32(value: u32, fallback: u32) -> u32 {
    | ^^^^^^^^^^^^^^^^^^^^^^^^^^^^^^^^^^^^^^^^^^^^^^^^^^^^^^^^^^^^^^

warning: missing documentation for a function
   --> crates/nes-config/src/lib.rs:155:1
    |
155 | pub fn normalize_nonzero_u64(value: u64, fallback: u64) -> u64 {
    | ^^^^^^^^^^^^^^^^^^^^^^^^^^^^^^^^^^^^^^^^^^^^^^^^^^^^^^^^^^^^^^

warning: missing documentation for a function
   --> crates/nes-config/src/lib.rs:159:1
    |
159 | pub fn parse_config_path_arg(args: &[String]) -> Result<(Option<PathBuf>, Vec<String>), String> {
    | ^^^^^^^^^^^^^^^^^^^^^^^^^^^^^^^^^^^^^^^^^^^^^^^^^^^^^^^^^^^^^^^^^^^^^^^^^^^^^^^^^^^^^^^^^^^^^^^

warning: `nes-relay` (lib doc) generated 13 warnings
warning: `nes-config` (lib doc) generated 45 warnings
warning: missing documentation for an enum
 --> crates/nes-netplay/src/protocol.rs:5:1
  |
5 | pub enum ClientMessage {
  | ^^^^^^^^^^^^^^^^^^^^^^
  |
  = note: requested on the command line with `-W missing-docs`

warning: missing documentation for a variant
 --> crates/nes-netplay/src/protocol.rs:6:5
  |
6 |     Join { room: String, player: u8 },
  |     ^^^^

warning: missing documentation for a struct field
 --> crates/nes-netplay/src/protocol.rs:6:12
  |
6 |     Join { room: String, player: u8 },
  |            ^^^^^^^^^^^^

warning: missing documentation for a struct field
 --> crates/nes-netplay/src/protocol.rs:6:26
  |
6 |     Join { room: String, player: u8 },
  |                          ^^^^^^^^^^

warning: missing documentation for a variant
 --> crates/nes-netplay/src/protocol.rs:7:5
  |
7 |     Input { frame: u64, bits: u8 },
  |     ^^^^^

warning: missing documentation for a struct field
 --> crates/nes-netplay/src/protocol.rs:7:13
  |
7 |     Input { frame: u64, bits: u8 },
  |             ^^^^^^^^^^

warning: missing documentation for a struct field
 --> crates/nes-netplay/src/protocol.rs:7:25
  |
7 |     Input { frame: u64, bits: u8 },
  |                         ^^^^^^^^

warning: missing documentation for a variant
 --> crates/nes-netplay/src/protocol.rs:8:5
  |
8 |     Hash { frame: u64, state_hash: u64 },
  |     ^^^^

warning: missing documentation for a struct field
 --> crates/nes-netplay/src/protocol.rs:8:12
  |
8 |     Hash { frame: u64, state_hash: u64 },
  |            ^^^^^^^^^^

warning: missing documentation for a struct field
 --> crates/nes-netplay/src/protocol.rs:8:24
  |
8 |     Hash { frame: u64, state_hash: u64 },
  |                        ^^^^^^^^^^^^^^^

warning: missing documentation for a variant
 --> crates/nes-netplay/src/protocol.rs:9:5
  |
9 |     Ping { nonce: u64 },
  |     ^^^^

warning: missing documentation for a struct field
 --> crates/nes-netplay/src/protocol.rs:9:12
  |
9 |     Ping { nonce: u64 },
  |            ^^^^^^^^^^

warning: missing documentation for an enum
  --> crates/nes-netplay/src/protocol.rs:14:1
   |
14 | pub enum ServerMessage {
   | ^^^^^^^^^^^^^^^^^^^^^^

warning: missing documentation for a variant
  --> crates/nes-netplay/src/protocol.rs:15:5
   |
15 |     Joined {
   |     ^^^^^^

warning: missing documentation for a struct field
  --> crates/nes-netplay/src/protocol.rs:16:9
   |
16 |         room: String,
   |         ^^^^^^^^^^^^

warning: missing documentation for a struct field
  --> crates/nes-netplay/src/protocol.rs:17:9
   |
17 |         player: u8,
   |         ^^^^^^^^^^

warning: missing documentation for a struct field
  --> crates/nes-netplay/src/protocol.rs:18:9
   |
18 |         peer_present: bool,
   |         ^^^^^^^^^^^^^^^^^^

warning: missing documentation for a variant
  --> crates/nes-netplay/src/protocol.rs:20:5
   |
20 |     PeerJoined {
   |     ^^^^^^^^^^

warning: missing documentation for a struct field
  --> crates/nes-netplay/src/protocol.rs:21:9
   |
21 |         player: u8,
   |         ^^^^^^^^^^

warning: missing documentation for a variant
  --> crates/nes-netplay/src/protocol.rs:23:5
   |
23 |     PeerLeft {
   |     ^^^^^^^^

warning: missing documentation for a struct field
  --> crates/nes-netplay/src/protocol.rs:24:9
   |
24 |         player: u8,
   |         ^^^^^^^^^^

warning: missing documentation for a variant
  --> crates/nes-netplay/src/protocol.rs:26:5
   |
26 |     PeerInput {
   |     ^^^^^^^^^

warning: missing documentation for a struct field
  --> crates/nes-netplay/src/protocol.rs:27:9
   |
27 |         player: u8,
   |         ^^^^^^^^^^

warning: missing documentation for a struct field
  --> crates/nes-netplay/src/protocol.rs:28:9
   |
28 |         frame: u64,
   |         ^^^^^^^^^^

warning: missing documentation for a struct field
  --> crates/nes-netplay/src/protocol.rs:29:9
   |
29 |         bits: u8,
   |         ^^^^^^^^

warning: missing documentation for a variant
  --> crates/nes-netplay/src/protocol.rs:31:5
   |
31 |     PeerHash {
   |     ^^^^^^^^

warning: missing documentation for a struct field
  --> crates/nes-netplay/src/protocol.rs:32:9
   |
32 |         player: u8,
   |         ^^^^^^^^^^

warning: missing documentation for a struct field
  --> crates/nes-netplay/src/protocol.rs:33:9
   |
33 |         frame: u64,
   |         ^^^^^^^^^^

warning: missing documentation for a struct field
  --> crates/nes-netplay/src/protocol.rs:34:9
   |
34 |         state_hash: u64,
   |         ^^^^^^^^^^^^^^^

warning: missing documentation for a variant
  --> crates/nes-netplay/src/protocol.rs:36:5
   |
36 |     Pong {
   |     ^^^^

warning: missing documentation for a struct field
  --> crates/nes-netplay/src/protocol.rs:37:9
   |
37 |         nonce: u64,
   |         ^^^^^^^^^^

warning: missing documentation for a variant
  --> crates/nes-netplay/src/protocol.rs:39:5
   |
39 |     Error {
   |     ^^^^^

warning: missing documentation for a struct field
  --> crates/nes-netplay/src/protocol.rs:40:9
   |
40 |         message: String,
   |         ^^^^^^^^^^^^^^^

 Documenting nes-rewind v0.1.0 (/app/crates/nes-rewind)
warning: `nes-netplay` (lib doc) generated 33 warnings
 Documenting nes-core v0.1.0 (/app/crates/nes-core)
 Documenting nes-desktop v0.1.0 (/app/crates/nes-desktop)
    Checking nes-test-harness v0.1.0 (/app/crates/nes-test-harness)
 Documenting nes-test-harness v0.1.0 (/app/crates/nes-test-harness)
warning: missing documentation for the crate
 --> crates/nes-desktop/src/lib.rs:1:1
  |
1 | / pub mod actions;
2 | | pub mod app;
3 | | pub mod manual_state;
4 | | pub mod menu;
5 | | pub mod overlay;
6 | | pub mod rta;
7 | | pub mod session_cheats;
  | |_______________________^
  |
  = note: requested on the command line with `-W missing-docs`

warning: missing documentation for a module
 --> crates/nes-desktop/src/lib.rs:1:1
  |
1 | pub mod actions;
  | ^^^^^^^^^^^^^^^

warning: missing documentation for a module
 --> crates/nes-desktop/src/lib.rs:2:1
  |
2 | pub mod app;
  | ^^^^^^^^^^^

warning: missing documentation for a module
 --> crates/nes-desktop/src/lib.rs:3:1
  |
3 | pub mod manual_state;
  | ^^^^^^^^^^^^^^^^^^^^

warning: missing documentation for a module
 --> crates/nes-desktop/src/lib.rs:4:1
  |
4 | pub mod menu;
  | ^^^^^^^^^^^^

warning: missing documentation for a module
 --> crates/nes-desktop/src/lib.rs:6:1
  |
6 | pub mod rta;
  | ^^^^^^^^^^^

warning: missing documentation for a module
 --> crates/nes-desktop/src/lib.rs:7:1
  |
7 | pub mod session_cheats;
  | ^^^^^^^^^^^^^^^^^^^^^^

warning: missing documentation for a variant
 --> crates/nes-desktop/src/actions.rs:4:5
  |
4 |     ToggleOverlay,
  |     ^^^^^^^^^^^^^

warning: missing documentation for a variant
 --> crates/nes-desktop/src/actions.rs:5:5
  |
5 |     Resume,
  |     ^^^^^^

warning: missing documentation for a variant
 --> crates/nes-desktop/src/actions.rs:6:5
  |
6 |     OpenRom,
  |     ^^^^^^^

warning: missing documentation for a variant
 --> crates/nes-desktop/src/actions.rs:7:5
  |
7 |     OpenCheats,
  |     ^^^^^^^^^^

warning: missing documentation for a variant
 --> crates/nes-desktop/src/actions.rs:8:5
  |
8 |     SaveSlot(u8),
  |     ^^^^^^^^

warning: missing documentation for a variant
 --> crates/nes-desktop/src/actions.rs:9:5
  |
9 |     LoadSlot(u8),
  |     ^^^^^^^^

warning: missing documentation for a variant
  --> crates/nes-desktop/src/actions.rs:10:5
   |
10 |     Reset,
   |     ^^^^^

warning: missing documentation for a variant
  --> crates/nes-desktop/src/actions.rs:11:5
   |
11 |     Quit,
   |     ^^^^

warning: missing documentation for a struct
 --> crates/nes-desktop/src/app.rs:4:1
  |
4 | pub struct BridgeCommand {
  | ^^^^^^^^^^^^^^^^^^^^^^^^

warning: missing documentation for a struct field
 --> crates/nes-desktop/src/app.rs:5:5
  |
5 |     pub core: Command,
  |     ^^^^^^^^^^^^^^^^^

warning: missing documentation for a method
  --> crates/nes-desktop/src/app.rs:10:5
   |
10 |     pub fn tool_name(self) -> &'static str {
   |     ^^^^^^^^^^^^^^^^^^^^^^^^^^^^^^^^^^^^^^

warning: missing documentation for a function
  --> crates/nes-desktop/src/app.rs:20:1
   |
20 | pub fn map_key_event_to_command(key_code: &str, pressed: bool) -> Option<BridgeCommand> {
   | ^^^^^^^^^^^^^^^^^^^^^^^^^^^^^^^^^^^^^^^^^^^^^^^^^^^^^^^^^^^^^^^^^^^^^^^^^^^^^^^^^^^^^^^

warning: missing documentation for a function
  --> crates/nes-desktop/src/app.rs:33:1
   |
33 | pub fn map_key_event_to_button(key_code: &str) -> Option<Button> {
   | ^^^^^^^^^^^^^^^^^^^^^^^^^^^^^^^^^^^^^^^^^^^^^^^^^^^^^^^^^^^^^^^^

warning: missing documentation for a function
  --> crates/nes-desktop/src/app.rs:48:1
   |
48 | pub fn map_key_event_to_button_bit(key_code: &str) -> Option<u8> {
   | ^^^^^^^^^^^^^^^^^^^^^^^^^^^^^^^^^^^^^^^^^^^^^^^^^^^^^^^^^^^^^^^^

warning: missing documentation for an enum
  --> crates/nes-desktop/src/manual_state.rs:22:1
   |
22 | pub enum SaveSlotStatus {
   | ^^^^^^^^^^^^^^^^^^^^^^^

warning: missing documentation for a variant
  --> crates/nes-desktop/src/manual_state.rs:23:5
   |
23 |     Empty,
   |     ^^^^^

warning: missing documentation for a variant
  --> crates/nes-desktop/src/manual_state.rs:24:5
   |
24 |     Saved,
   |     ^^^^^

warning: missing documentation for a variant
  --> crates/nes-desktop/src/manual_state.rs:25:5
   |
25 |     Corrupt,
   |     ^^^^^^^

warning: missing documentation for a variant
  --> crates/nes-desktop/src/manual_state.rs:26:5
   |
26 |     IncompatibleRom,
   |     ^^^^^^^^^^^^^^^

warning: missing documentation for a struct
  --> crates/nes-desktop/src/manual_state.rs:30:1
   |
30 | pub struct SaveSlotMetadata {
   | ^^^^^^^^^^^^^^^^^^^^^^^^^^^

warning: missing documentation for a struct field
  --> crates/nes-desktop/src/manual_state.rs:31:5
   |
31 |     pub slot: u8,
   |     ^^^^^^^^^^^^

warning: missing documentation for a struct field
  --> crates/nes-desktop/src/manual_state.rs:32:5
   |
32 |     pub path: PathBuf,
   |     ^^^^^^^^^^^^^^^^^

warning: missing documentation for a struct field
  --> crates/nes-desktop/src/manual_state.rs:33:5
   |
33 |     pub status: SaveSlotStatus,
   |     ^^^^^^^^^^^^^^^^^^^^^^^^^^

warning: missing documentation for a struct field
  --> crates/nes-desktop/src/manual_state.rs:34:5
   |
34 |     pub modified_unix_secs: Option<u64>,
   |     ^^^^^^^^^^^^^^^^^^^^^^^^^^^^^^^^^^^

warning: missing documentation for a function
   --> crates/nes-desktop/src/manual_state.rs:117:1
    |
117 | pub fn slot_path_for_rom(rom_path: &Path, rom_hash: &str, slot: u8) -> PathBuf {
    | ^^^^^^^^^^^^^^^^^^^^^^^^^^^^^^^^^^^^^^^^^^^^^^^^^^^^^^^^^^^^^^^^^^^^^^^^^^^^^^

warning: missing documentation for a function
   --> crates/nes-desktop/src/manual_state.rs:126:1
    |
126 | / pub fn slot_paths_for_rom(
127 | |     rom_path: &Path,
128 | |     rom_hash: &str,
129 | |     slots: RangeInclusive<u8>,
130 | | ) -> Vec<PathBuf> {
    | |_________________^

warning: missing documentation for a function
   --> crates/nes-desktop/src/manual_state.rs:137:1
    |
137 | pub fn quicksave_path_for_rom(rom_path: &Path, rom_hash: &str) -> PathBuf {
    | ^^^^^^^^^^^^^^^^^^^^^^^^^^^^^^^^^^^^^^^^^^^^^^^^^^^^^^^^^^^^^^^^^^^^^^^^^

warning: missing documentation for a function
   --> crates/nes-desktop/src/manual_state.rs:143:1
    |
143 | pub fn save_state_file(path: &Path, rom_hash: &str, snapshot: &CoreSnapshot) -> Result<(), String> {
    | ^^^^^^^^^^^^^^^^^^^^^^^^^^^^^^^^^^^^^^^^^^^^^^^^^^^^^^^^^^^^^^^^^^^^^^^^^^^^^^^^^^^^^^^^^^^^^^^^^^

warning: missing documentation for a function
   --> crates/nes-desktop/src/manual_state.rs:168:1
    |
168 | pub fn load_state_file(path: &Path, expected_rom_hash: &str) -> Result<CoreSnapshot, String> {
    | ^^^^^^^^^^^^^^^^^^^^^^^^^^^^^^^^^^^^^^^^^^^^^^^^^^^^^^^^^^^^^^^^^^^^^^^^^^^^^^^^^^^^^^^^^^^^

warning: missing documentation for a function
   --> crates/nes-desktop/src/manual_state.rs:180:1
    |
180 | / pub fn read_slot_metadata(
181 | |     path: &Path,
182 | |     expected_rom_hash: &str,
183 | | ) -> Result<SaveSlotMetadata, String> {
    | |_____________________________________^

warning: missing documentation for a method
  --> crates/nes-desktop/src/menu.rs:25:5
   |
25 |     pub fn entries(&self) -> &[DesktopMenuEntry] {
   |     ^^^^^^^^^^^^^^^^^^^^^^^^^^^^^^^^^^^^^^^^^^^^

warning: missing documentation for a method
  --> crates/nes-desktop/src/menu.rs:30:5
   |
30 |     pub fn install_for_window(&self, window: &Window) -> Result<(), String> {
   |     ^^^^^^^^^^^^^^^^^^^^^^^^^^^^^^^^^^^^^^^^^^^^^^^^^^^^^^^^^^^^^^^^^^^^^^^

warning: missing documentation for a method
  --> crates/nes-desktop/src/menu.rs:50:5
   |
50 |     pub fn poll_action(&self) -> Option<AppAction> {
   |     ^^^^^^^^^^^^^^^^^^^^^^^^^^^^^^^^^^^^^^^^^^^^^^

warning: missing documentation for a method
  --> crates/nes-desktop/src/menu.rs:63:5
   |
63 |     pub fn set_action_enabled(&self, action: AppAction, enabled: bool) {
   |     ^^^^^^^^^^^^^^^^^^^^^^^^^^^^^^^^^^^^^^^^^^^^^^^^^^^^^^^^^^^^^^^^^^

warning: missing documentation for a method
  --> crates/nes-desktop/src/menu.rs:76:5
   |
76 |     pub fn sync_runtime_state(&self, rollback_enabled: bool) {
   |     ^^^^^^^^^^^^^^^^^^^^^^^^^^^^^^^^^^^^^^^^^^^^^^^^^^^^^^^^

warning: missing documentation for a variant
   --> crates/nes-desktop/src/menu.rs:101:5
    |
101 |     Item(MenuItemSpec),
    |     ^^^^

warning: missing documentation for a variant
   --> crates/nes-desktop/src/menu.rs:102:5
    |
102 |     Separator,
    |     ^^^^^^^^^

warning: missing documentation for a variant
   --> crates/nes-desktop/src/menu.rs:103:5
    |
103 |     Submenu {
    |     ^^^^^^^

warning: missing documentation for a struct field
   --> crates/nes-desktop/src/menu.rs:104:9
    |
104 |         label: &'static str,
    |         ^^^^^^^^^^^^^^^^^^^

warning: missing documentation for a struct field
   --> crates/nes-desktop/src/menu.rs:105:9
    |
105 |         entries: Vec<DesktopMenuEntry>,
    |         ^^^^^^^^^^^^^^^^^^^^^^^^^^^^^^

warning: missing documentation for a struct field
   --> crates/nes-desktop/src/menu.rs:112:5
    |
112 |     pub id: String,
    |     ^^^^^^^^^^^^^^

warning: missing documentation for a struct field
   --> crates/nes-desktop/src/menu.rs:113:5
    |
113 |     pub label: String,
    |     ^^^^^^^^^^^^^^^^^

warning: missing documentation for a function
   --> crates/nes-desktop/src/menu.rs:176:1
    |
176 | pub const fn native_menu_supported() -> bool {
    | ^^^^^^^^^^^^^^^^^^^^^^^^^^^^^^^^^^^^^^^^^^^^

warning: missing documentation for a function
   --> crates/nes-desktop/src/menu.rs:188:1
    |
188 | pub const fn rom_picker_supported() -> bool {
    | ^^^^^^^^^^^^^^^^^^^^^^^^^^^^^^^^^^^^^^^^^^^

warning: missing documentation for a variant
  --> crates/nes-desktop/src/overlay.rs:26:5
   |
26 |     MainMenu,
   |     ^^^^^^^^

warning: missing documentation for a variant
  --> crates/nes-desktop/src/overlay.rs:27:5
   |
27 |     Cheats,
   |     ^^^^^^

warning: missing documentation for a variant
  --> crates/nes-desktop/src/overlay.rs:33:5
   |
33 |     Resume,
   |     ^^^^^^

warning: missing documentation for a variant
  --> crates/nes-desktop/src/overlay.rs:34:5
   |
34 |     OpenRom,
   |     ^^^^^^^

warning: missing documentation for a variant
  --> crates/nes-desktop/src/overlay.rs:35:5
   |
35 |     OpenCheats,
   |     ^^^^^^^^^^

warning: missing documentation for a variant
  --> crates/nes-desktop/src/overlay.rs:36:5
   |
36 |     SaveSlot(u8),
   |     ^^^^^^^^

warning: missing documentation for a variant
  --> crates/nes-desktop/src/overlay.rs:37:5
   |
37 |     LoadSlot(u8),
   |     ^^^^^^^^

warning: missing documentation for a variant
  --> crates/nes-desktop/src/overlay.rs:38:5
   |
38 |     Reset,
   |     ^^^^^

warning: missing documentation for a variant
  --> crates/nes-desktop/src/overlay.rs:39:5
   |
39 |     Quit,
   |     ^^^^

warning: missing documentation for a variant
  --> crates/nes-desktop/src/overlay.rs:45:5
   |
45 |     AddCode,
   |     ^^^^^^^

warning: missing documentation for a variant
  --> crates/nes-desktop/src/overlay.rs:46:5
   |
46 |     Cheat(usize),
   |     ^^^^^

warning: missing documentation for a variant
  --> crates/nes-desktop/src/overlay.rs:52:5
   |
52 |     Main(MainMenuSelection),
   |     ^^^^

warning: missing documentation for a variant
  --> crates/nes-desktop/src/overlay.rs:53:5
   |
53 |     Cheats(CheatsSelection),
   |     ^^^^^^

warning: missing documentation for a variant
  --> crates/nes-desktop/src/overlay.rs:59:5
   |
59 |     AppAction(AppAction),
   |     ^^^^^^^^^

warning: missing documentation for a variant
  --> crates/nes-desktop/src/overlay.rs:60:5
   |
60 |     ToggleCheat(usize),
   |     ^^^^^^^^^^^

warning: missing documentation for a variant
  --> crates/nes-desktop/src/overlay.rs:61:5
   |
61 |     RemoveCheat(usize),
   |     ^^^^^^^^^^^

warning: missing documentation for a variant
  --> crates/nes-desktop/src/overlay.rs:62:5
   |
62 |     SubmitCheatCode(String),
   |     ^^^^^^^^^^^^^^^

warning: missing documentation for a struct field
  --> crates/nes-desktop/src/overlay.rs:68:5
   |
68 |     pub slot: u8,
   |     ^^^^^^^^^^^^

warning: missing documentation for a struct field
  --> crates/nes-desktop/src/overlay.rs:69:5
   |
69 |     pub status_label: String,
   |     ^^^^^^^^^^^^^^^^^^^^^^^^

warning: missing documentation for a struct field
  --> crates/nes-desktop/src/overlay.rs:70:5
   |
70 |     pub detail: Option<String>,
   |     ^^^^^^^^^^^^^^^^^^^^^^^^^^

warning: missing documentation for a struct field
  --> crates/nes-desktop/src/overlay.rs:87:5
   |
87 |     pub raw_code: String,
   |     ^^^^^^^^^^^^^^^^^^^^

warning: missing documentation for a struct field
  --> crates/nes-desktop/src/overlay.rs:88:5
   |
88 |     pub enabled: bool,
   |     ^^^^^^^^^^^^^^^^^

warning: missing documentation for a constant
 --> crates/nes-desktop/src/rta.rs:9:1
  |
9 | pub const DEFAULT_RTA_PROFILES_DIR: &str = "config/rta/profiles";
  | ^^^^^^^^^^^^^^^^^^^^^^^^^^^^^^^^^^^^^^^^

warning: missing documentation for a constant
  --> crates/nes-desktop/src/rta.rs:10:1
   |
10 | pub const DEFAULT_RTA_RUNS_DIR: &str = "runs/rta";
   | ^^^^^^^^^^^^^^^^^^^^^^^^^^^^^^^^^^^^

warning: missing documentation for an enum
  --> crates/nes-desktop/src/rta.rs:14:1
   |
14 | pub enum ProfileStatus {
   | ^^^^^^^^^^^^^^^^^^^^^^

warning: missing documentation for a variant
  --> crates/nes-desktop/src/rta.rs:15:5
   |
15 |     Draft,
   |     ^^^^^

warning: missing documentation for a variant
  --> crates/nes-desktop/src/rta.rs:17:5
   |
17 |     Published,
   |     ^^^^^^^^^

warning: missing documentation for an enum
  --> crates/nes-desktop/src/rta.rs:22:1
   |
22 | pub enum TimerClock {
   | ^^^^^^^^^^^^^^^^^^^

warning: missing documentation for a variant
  --> crates/nes-desktop/src/rta.rs:24:5
   |
24 |     Wall,
   |     ^^^^

warning: missing documentation for an enum
  --> crates/nes-desktop/src/rta.rs:29:1
   |
29 | pub enum FocusLossPolicy {
   | ^^^^^^^^^^^^^^^^^^^^^^^^

warning: missing documentation for a variant
  --> crates/nes-desktop/src/rta.rs:30:5
   |
30 |     AutoPause,
   |     ^^^^^^^^^

warning: missing documentation for a variant
  --> crates/nes-desktop/src/rta.rs:31:5
   |
31 |     Invalidate,
   |     ^^^^^^^^^^

warning: missing documentation for a variant
  --> crates/nes-desktop/src/rta.rs:33:5
   |
33 |     Continue,
   |     ^^^^^^^^

warning: missing documentation for an enum
  --> crates/nes-desktop/src/rta.rs:38:1
   |
38 | pub enum ForbiddenAction {
   | ^^^^^^^^^^^^^^^^^^^^^^^^

warning: missing documentation for a variant
  --> crates/nes-desktop/src/rta.rs:40:5
   |
40 |     Rewind,
   |     ^^^^^^

warning: missing documentation for a variant
  --> crates/nes-desktop/src/rta.rs:41:5
   |
41 |     SaveLoad,
   |     ^^^^^^^^

warning: missing documentation for a variant
  --> crates/nes-desktop/src/rta.rs:42:5
   |
42 |     FrameStep,
   |     ^^^^^^^^^

warning: missing documentation for an enum
  --> crates/nes-desktop/src/rta.rs:57:1
   |
57 | pub enum TriggerWidth {
   | ^^^^^^^^^^^^^^^^^^^^^

warning: missing documentation for a variant
  --> crates/nes-desktop/src/rta.rs:59:5
   |
59 |     U8,
   |     ^^

warning: missing documentation for a variant
  --> crates/nes-desktop/src/rta.rs:60:5
   |
60 |     U16,
   |     ^^^

warning: missing documentation for a variant
  --> crates/nes-desktop/src/rta.rs:61:5
   |
61 |     U32,
   |     ^^^

warning: missing documentation for an enum
  --> crates/nes-desktop/src/rta.rs:66:1
   |
66 | pub enum TriggerOp {
   | ^^^^^^^^^^^^^^^^^^

warning: missing documentation for a variant
  --> crates/nes-desktop/src/rta.rs:68:5
   |
68 |     Eq,
   |     ^^

warning: missing documentation for a variant
  --> crates/nes-desktop/src/rta.rs:69:5
   |
69 |     Ne,
   |     ^^

warning: missing documentation for a variant
  --> crates/nes-desktop/src/rta.rs:70:5
   |
70 |     Gt,
   |     ^^

warning: missing documentation for a variant
  --> crates/nes-desktop/src/rta.rs:71:5
   |
71 |     Gte,
   |     ^^^

warning: missing documentation for a variant
  --> crates/nes-desktop/src/rta.rs:72:5
   |
72 |     Lt,
   |     ^^

warning: missing documentation for a variant
  --> crates/nes-desktop/src/rta.rs:73:5
   |
73 |     Lte,
   |     ^^^

warning: missing documentation for a variant
  --> crates/nes-desktop/src/rta.rs:74:5
   |
74 |     BitSet,
   |     ^^^^^^

warning: missing documentation for a variant
  --> crates/nes-desktop/src/rta.rs:75:5
   |
75 |     BitClear,
   |     ^^^^^^^^

warning: missing documentation for a variant
  --> crates/nes-desktop/src/rta.rs:76:5
   |
76 |     Changed,
   |     ^^^^^^^

warning: missing documentation for a struct
  --> crates/nes-desktop/src/rta.rs:81:1
   |
81 | pub struct TimerPolicy {
   | ^^^^^^^^^^^^^^^^^^^^^^

warning: missing documentation for a struct field
  --> crates/nes-desktop/src/rta.rs:82:5
   |
82 |     pub clock: TimerClock,
   |     ^^^^^^^^^^^^^^^^^^^^^

warning: missing documentation for a struct field
  --> crates/nes-desktop/src/rta.rs:83:5
   |
83 |     pub focus_loss: FocusLossPolicy,
   |     ^^^^^^^^^^^^^^^^^^^^^^^^^^^^^^^

warning: missing documentation for a struct field
  --> crates/nes-desktop/src/rta.rs:84:5
   |
84 |     pub manual_fallback: bool,
   |     ^^^^^^^^^^^^^^^^^^^^^^^^^

warning: missing documentation for a struct
  --> crates/nes-desktop/src/rta.rs:99:1
   |
99 | pub struct InvalidationPolicy {
   | ^^^^^^^^^^^^^^^^^^^^^^^^^^^^^

warning: missing documentation for a struct field
   --> crates/nes-desktop/src/rta.rs:100:5
    |
100 |     pub invalidate_on: Vec<ForbiddenAction>,
    |     ^^^^^^^^^^^^^^^^^^^^^^^^^^^^^^^^^^^^^^^

warning: missing documentation for a struct
   --> crates/nes-desktop/src/rta.rs:117:1
    |
117 | pub struct SplitPolicy {
    | ^^^^^^^^^^^^^^^^^^^^^^

warning: missing documentation for a struct field
   --> crates/nes-desktop/src/rta.rs:118:5
    |
118 |     pub append_only: bool,
    |     ^^^^^^^^^^^^^^^^^^^^^

warning: missing documentation for a struct field
   --> crates/nes-desktop/src/rta.rs:119:5
    |
119 |     pub manual_hotkey: String,
    |     ^^^^^^^^^^^^^^^^^^^^^^^^^

warning: missing documentation for a struct
   --> crates/nes-desktop/src/rta.rs:133:1
    |
133 | pub struct LoggingPolicy {
    | ^^^^^^^^^^^^^^^^^^^^^^^^

warning: missing documentation for a struct field
   --> crates/nes-desktop/src/rta.rs:134:5
    |
134 |     pub save_input_log: bool,
    |     ^^^^^^^^^^^^^^^^^^^^^^^^

warning: missing documentation for a struct
   --> crates/nes-desktop/src/rta.rs:139:1
    |
139 | pub struct TriggerRule {
    | ^^^^^^^^^^^^^^^^^^^^^^

warning: missing documentation for a struct field
   --> crates/nes-desktop/src/rta.rs:140:5
    |
140 |     pub address: u16,
    |     ^^^^^^^^^^^^^^^^

warning: missing documentation for a struct field
   --> crates/nes-desktop/src/rta.rs:141:5
    |
141 |     pub width: TriggerWidth,
    |     ^^^^^^^^^^^^^^^^^^^^^^^

warning: missing documentation for a struct field
   --> crates/nes-desktop/src/rta.rs:142:5
    |
142 |     pub op: TriggerOp,
    |     ^^^^^^^^^^^^^^^^^

warning: missing documentation for a struct field
   --> crates/nes-desktop/src/rta.rs:143:5
    |
143 |     pub value: u32,
    |     ^^^^^^^^^^^^^^

warning: missing documentation for a struct field
   --> crates/nes-desktop/src/rta.rs:144:5
    |
144 |     pub debounce_frames: u32,
    |     ^^^^^^^^^^^^^^^^^^^^^^^^

warning: missing documentation for a struct field
   --> crates/nes-desktop/src/rta.rs:145:5
    |
145 |     pub require_consecutive: u32,
    |     ^^^^^^^^^^^^^^^^^^^^^^^^^^^^

warning: missing documentation for a struct
   --> crates/nes-desktop/src/rta.rs:163:1
    |
163 | pub struct SplitRule {
    | ^^^^^^^^^^^^^^^^^^^^

warning: missing documentation for a struct field
   --> crates/nes-desktop/src/rta.rs:164:5
    |
164 |     pub name: String,
    |     ^^^^^^^^^^^^^^^^

warning: missing documentation for a struct field
   --> crates/nes-desktop/src/rta.rs:165:5
    |
165 |     pub trigger: TriggerRule,
    |     ^^^^^^^^^^^^^^^^^^^^^^^^

warning: missing documentation for a struct
   --> crates/nes-desktop/src/rta.rs:179:1
    |
179 | pub struct RtaProfile {
    | ^^^^^^^^^^^^^^^^^^^^^

warning: missing documentation for a struct field
   --> crates/nes-desktop/src/rta.rs:180:5
    |
180 |     pub id: String,
    |     ^^^^^^^^^^^^^^

warning: missing documentation for a struct field
   --> crates/nes-desktop/src/rta.rs:181:5
    |
181 |     pub game: Option<String>,
    |     ^^^^^^^^^^^^^^^^^^^^^^^^

warning: missing documentation for a struct field
   --> crates/nes-desktop/src/rta.rs:182:5
    |
182 |     pub category: Option<String>,
    |     ^^^^^^^^^^^^^^^^^^^^^^^^^^^^

warning: missing documentation for a struct field
   --> crates/nes-desktop/src/rta.rs:183:5
    |
183 |     pub version: Option<String>,
    |     ^^^^^^^^^^^^^^^^^^^^^^^^^^^

warning: missing documentation for a struct field
   --> crates/nes-desktop/src/rta.rs:184:5
    |
184 |     pub status: ProfileStatus,
    |     ^^^^^^^^^^^^^^^^^^^^^^^^^

warning: missing documentation for a struct field
   --> crates/nes-desktop/src/rta.rs:185:5
    |
185 |     pub rom_hashes: Vec<String>,
    |     ^^^^^^^^^^^^^^^^^^^^^^^^^^^

warning: missing documentation for a struct field
   --> crates/nes-desktop/src/rta.rs:186:5
    |
186 |     pub timer: TimerPolicy,
    |     ^^^^^^^^^^^^^^^^^^^^^^

warning: missing documentation for a struct field
   --> crates/nes-desktop/src/rta.rs:187:5
    |
187 |     pub invalidation: InvalidationPolicy,
    |     ^^^^^^^^^^^^^^^^^^^^^^^^^^^^^^^^^^^^

warning: missing documentation for a struct field
   --> crates/nes-desktop/src/rta.rs:188:5
    |
188 |     pub split_policy: SplitPolicy,
    |     ^^^^^^^^^^^^^^^^^^^^^^^^^^^^^

warning: missing documentation for a struct field
   --> crates/nes-desktop/src/rta.rs:189:5
    |
189 |     pub logging: LoggingPolicy,
    |     ^^^^^^^^^^^^^^^^^^^^^^^^^^

warning: missing documentation for a struct field
   --> crates/nes-desktop/src/rta.rs:190:5
    |
190 |     pub start: TriggerRule,
    |     ^^^^^^^^^^^^^^^^^^^^^^

warning: missing documentation for a struct field
   --> crates/nes-desktop/src/rta.rs:191:5
    |
191 |     pub pause: Option<TriggerRule>,
    |     ^^^^^^^^^^^^^^^^^^^^^^^^^^^^^^

warning: missing documentation for a struct field
   --> crates/nes-desktop/src/rta.rs:192:5
    |
192 |     pub resume: Option<TriggerRule>,
    |     ^^^^^^^^^^^^^^^^^^^^^^^^^^^^^^^

warning: missing documentation for a struct field
   --> crates/nes-desktop/src/rta.rs:193:5
    |
193 |     pub end: TriggerRule,
    |     ^^^^^^^^^^^^^^^^^^^^

warning: missing documentation for a struct field
   --> crates/nes-desktop/src/rta.rs:194:5
    |
194 |     pub splits: Vec<SplitRule>,
    |     ^^^^^^^^^^^^^^^^^^^^^^^^^^

warning: missing documentation for a struct
   --> crates/nes-desktop/src/rta.rs:223:1
    |
223 | pub struct LoadedProfile {
    | ^^^^^^^^^^^^^^^^^^^^^^^^

warning: missing documentation for a struct field
   --> crates/nes-desktop/src/rta.rs:224:5
    |
224 |     pub path: PathBuf,
    |     ^^^^^^^^^^^^^^^^^

warning: missing documentation for a struct field
   --> crates/nes-desktop/src/rta.rs:225:5
    |
225 |     pub profile: RtaProfile,
    |     ^^^^^^^^^^^^^^^^^^^^^^^

warning: missing documentation for an enum
   --> crates/nes-desktop/src/rta.rs:229:1
    |
229 | pub enum ProfileSelectionSource {
    | ^^^^^^^^^^^^^^^^^^^^^^^^^^^^^^^

warning: missing documentation for a variant
   --> crates/nes-desktop/src/rta.rs:230:5
    |
230 |     AutoByRomHash,
    |     ^^^^^^^^^^^^^

warning: missing documentation for a variant
   --> crates/nes-desktop/src/rta.rs:231:5
    |
231 |     ManualOverride,
    |     ^^^^^^^^^^^^^^

warning: missing documentation for a struct
   --> crates/nes-desktop/src/rta.rs:235:1
    |
235 | pub struct ProfileSelection {
    | ^^^^^^^^^^^^^^^^^^^^^^^^^^^

warning: missing documentation for a struct field
   --> crates/nes-desktop/src/rta.rs:236:5
    |
236 |     pub selected: LoadedProfile,
    |     ^^^^^^^^^^^^^^^^^^^^^^^^^^^

warning: missing documentation for a struct field
   --> crates/nes-desktop/src/rta.rs:237:5
    |
237 |     pub source: ProfileSelectionSource,
    |     ^^^^^^^^^^^^^^^^^^^^^^^^^^^^^^^^^^

warning: missing documentation for a function
   --> crates/nes-desktop/src/rta.rs:240:1
    |
240 | pub fn compute_rom_hash(rom_bytes: &[u8]) -> String {
    | ^^^^^^^^^^^^^^^^^^^^^^^^^^^^^^^^^^^^^^^^^^^^^^^^^^^

warning: missing documentation for a function
   --> crates/nes-desktop/src/rta.rs:257:1
    |
257 | pub fn load_profiles(dir: &Path) -> Result<Vec<LoadedProfile>, String> {
    | ^^^^^^^^^^^^^^^^^^^^^^^^^^^^^^^^^^^^^^^^^^^^^^^^^^^^^^^^^^^^^^^^^^^^^^

warning: missing documentation for an enum
   --> crates/nes-desktop/src/rta.rs:388:1
    |
388 | pub enum RtaSessionState {
    | ^^^^^^^^^^^^^^^^^^^^^^^^

warning: missing documentation for a variant
   --> crates/nes-desktop/src/rta.rs:389:5
    |
389 |     Idle,
    |     ^^^^

warning: missing documentation for a variant
   --> crates/nes-desktop/src/rta.rs:390:5
    |
390 |     Armed,
    |     ^^^^^

warning: missing documentation for a variant
   --> crates/nes-desktop/src/rta.rs:391:5
    |
391 |     Running,
    |     ^^^^^^^

warning: missing documentation for a variant
   --> crates/nes-desktop/src/rta.rs:392:5
    |
392 |     Finished,
    |     ^^^^^^^^

warning: missing documentation for a variant
   --> crates/nes-desktop/src/rta.rs:393:5
    |
393 |     InvalidPractice,
    |     ^^^^^^^^^^^^^^^

warning: missing documentation for an enum
   --> crates/nes-desktop/src/rta.rs:497:1
    |
497 | pub enum SplitSource {
    | ^^^^^^^^^^^^^^^^^^^^

warning: missing documentation for a variant
   --> crates/nes-desktop/src/rta.rs:498:5
    |
498 |     Automatic,
    |     ^^^^^^^^^

warning: missing documentation for a variant
   --> crates/nes-desktop/src/rta.rs:499:5
    |
499 |     Manual,
    |     ^^^^^^

warning: missing documentation for a struct
   --> crates/nes-desktop/src/rta.rs:503:1
    |
503 | pub struct SplitEvent {
    | ^^^^^^^^^^^^^^^^^^^^^

warning: missing documentation for a struct field
   --> crates/nes-desktop/src/rta.rs:504:5
    |
504 |     pub name: String,
    |     ^^^^^^^^^^^^^^^^

warning: missing documentation for a struct field
   --> crates/nes-desktop/src/rta.rs:505:5
    |
505 |     pub source: SplitSource,
    |     ^^^^^^^^^^^^^^^^^^^^^^^

warning: missing documentation for a struct field
   --> crates/nes-desktop/src/rta.rs:506:5
    |
506 |     pub frame: u64,
    |     ^^^^^^^^^^^^^^

warning: missing documentation for a struct field
   --> crates/nes-desktop/src/rta.rs:507:5
    |
507 |     pub elapsed_ms: u128,
    |     ^^^^^^^^^^^^^^^^^^^^

warning: missing documentation for a struct
   --> crates/nes-desktop/src/rta.rs:511:1
    |
511 | pub struct InputLogFrame {
    | ^^^^^^^^^^^^^^^^^^^^^^^^

warning: missing documentation for a struct field
   --> crates/nes-desktop/src/rta.rs:512:5
    |
512 |     pub frame: u64,
    |     ^^^^^^^^^^^^^^

warning: missing documentation for a struct field
   --> crates/nes-desktop/src/rta.rs:513:5
    |
513 |     pub controller1_bits: u8,
    |     ^^^^^^^^^^^^^^^^^^^^^^^^

warning: missing documentation for a struct field
   --> crates/nes-desktop/src/rta.rs:514:5
    |
514 |     pub controller2_bits: u8,
    |     ^^^^^^^^^^^^^^^^^^^^^^^^

warning: missing documentation for a struct field
   --> crates/nes-desktop/src/rta.rs:515:5
    |
515 |     pub elapsed_ms: u128,
    |     ^^^^^^^^^^^^^^^^^^^^

warning: missing documentation for an enum
   --> crates/nes-desktop/src/rta.rs:519:1
    |
519 | pub enum RtaEvent {
    | ^^^^^^^^^^^^^^^^^

warning: missing documentation for a variant
   --> crates/nes-desktop/src/rta.rs:520:5
    |
520 |     Started,
    |     ^^^^^^^

warning: missing documentation for a variant
   --> crates/nes-desktop/src/rta.rs:521:5
    |
521 |     Paused,
    |     ^^^^^^

warning: missing documentation for a variant
   --> crates/nes-desktop/src/rta.rs:522:5
    |
522 |     Resumed,
    |     ^^^^^^^

warning: missing documentation for a variant
   --> crates/nes-desktop/src/rta.rs:523:5
    |
523 |     Split(SplitEvent),
    |     ^^^^^

warning: missing documentation for a variant
   --> crates/nes-desktop/src/rta.rs:524:5
    |
524 |     Invalidated(String),
    |     ^^^^^^^^^^^

warning: missing documentation for a variant
   --> crates/nes-desktop/src/rta.rs:525:5
    |
525 |     Finished(Duration),
    |     ^^^^^^^^

warning: missing documentation for a struct
   --> crates/nes-desktop/src/rta.rs:529:1
    |
529 | pub struct RunArtifactPaths {
    | ^^^^^^^^^^^^^^^^^^^^^^^^^^^

warning: missing documentation for a struct field
   --> crates/nes-desktop/src/rta.rs:530:5
    |
530 |     pub run_json_path: PathBuf,
    |     ^^^^^^^^^^^^^^^^^^^^^^^^^^

warning: missing documentation for a struct field
   --> crates/nes-desktop/src/rta.rs:531:5
    |
531 |     pub input_log_path: Option<PathBuf>,
    |     ^^^^^^^^^^^^^^^^^^^^^^^^^^^^^^^^^^^

warning: missing documentation for a struct
   --> crates/nes-desktop/src/rta.rs:546:1
    |
546 | pub struct RtaManager {
    | ^^^^^^^^^^^^^^^^^^^^^

warning: missing documentation for an associated function
   --> crates/nes-desktop/src/rta.rs:566:5
    |
566 | /     pub fn new(
567 | |         profile: RtaProfile,
568 | |         rom_hash: String,
569 | |         runs_dir: PathBuf,
570 | |         calibration: Option<CalibrationRecorder>,
571 | |     ) -> Self {
    | |_____________^

warning: missing documentation for a method
   --> crates/nes-desktop/src/rta.rs:611:5
    |
611 |     pub fn state(&self) -> RtaSessionState {
    |     ^^^^^^^^^^^^^^^^^^^^^^^^^^^^^^^^^^^^^^

warning: missing documentation for a method
   --> crates/nes-desktop/src/rta.rs:615:5
    |
615 |     pub fn profile_id(&self) -> &str {
    |     ^^^^^^^^^^^^^^^^^^^^^^^^^^^^^^^^

warning: missing documentation for a method
   --> crates/nes-desktop/src/rta.rs:619:5
    |
619 |     pub fn is_calibrating(&self) -> bool {
    |     ^^^^^^^^^^^^^^^^^^^^^^^^^^^^^^^^^^^^

warning: missing documentation for a method
   --> crates/nes-desktop/src/rta.rs:623:5
    |
623 |     pub fn is_active(&self) -> bool {
    |     ^^^^^^^^^^^^^^^^^^^^^^^^^^^^^^^

warning: missing documentation for a method
   --> crates/nes-desktop/src/rta.rs:630:5
    |
630 |     pub fn can_manual_override_profile(&self) -> bool {
    |     ^^^^^^^^^^^^^^^^^^^^^^^^^^^^^^^^^^^^^^^^^^^^^^^^^

warning: missing documentation for a method
   --> crates/nes-desktop/src/rta.rs:634:5
    |
634 |     pub fn is_valid_run(&self) -> bool {
    |     ^^^^^^^^^^^^^^^^^^^^^^^^^^^^^^^^^^

warning: missing documentation for a method
   --> crates/nes-desktop/src/rta.rs:638:5
    |
638 |     pub fn elapsed(&self, now: Instant) -> Duration {
    |     ^^^^^^^^^^^^^^^^^^^^^^^^^^^^^^^^^^^^^^^^^^^^^^^

warning: missing documentation for a method
   --> crates/nes-desktop/src/rta.rs:652:5
    |
652 |     pub fn split_events(&self) -> &[SplitEvent] {
    |     ^^^^^^^^^^^^^^^^^^^^^^^^^^^^^^^^^^^^^^^^^^^

warning: missing documentation for a method
   --> crates/nes-desktop/src/rta.rs:656:5
    |
656 |     pub fn invalidation_reasons(&self) -> Vec<String> {
    |     ^^^^^^^^^^^^^^^^^^^^^^^^^^^^^^^^^^^^^^^^^^^^^^^^^

warning: missing documentation for a method
   --> crates/nes-desktop/src/rta.rs:660:5
    |
660 | /     pub fn tick<F>(&mut self, frame: u64, now: Instant, mut read_u8: ...
661 | |     where
662 | |         F: FnMut(u16) -> u8,
    | |____________________________^

warning: missing documentation for a method
   --> crates/nes-desktop/src/rta.rs:730:5
    |
730 | /     pub fn mark_forbidden_action(
731 | |         &mut self,
732 | |         action: ForbiddenAction,
733 | |         _frame: u64,
734 | |         _now: Instant,
735 | |     ) -> Option<RtaEvent> {
    | |_________________________^

warning: missing documentation for a method
   --> crates/nes-desktop/src/rta.rs:773:5
    |
773 |     pub fn manual_split(&mut self, frame: u64, now: Instant) -> Option<RtaEvent> {
    |     ^^^^^^^^^^^^^^^^^^^^^^^^^^^^^^^^^^^^^^^^^^^^^^^^^^^^^^^^^^^^^^^^^^^^^^^^^^^^

warning: missing documentation for a method
   --> crates/nes-desktop/src/rta.rs:785:5
    |
785 |     pub fn force_finish(&mut self, frame: u64, now: Instant) -> Option<RtaEvent> {
    |     ^^^^^^^^^^^^^^^^^^^^^^^^^^^^^^^^^^^^^^^^^^^^^^^^^^^^^^^^^^^^^^^^^^^^^^^^^^^^

warning: missing documentation for a method
   --> crates/nes-desktop/src/rta.rs:797:5
    |
797 | /     pub fn record_input_frame(
798 | |         &mut self,
799 | |         frame: u64,
800 | |         controller1_bits: u8,
801 | |         controller2_bits: u8,
802 | |         now: Instant,
803 | |     ) {
    | |_____^

warning: missing documentation for a method
   --> crates/nes-desktop/src/rta.rs:815:5
    |
815 |     pub fn write_artifacts_if_finished(&mut self) -> Result<Option<RunArtifactPaths>, String> {
    |     ^^^^^^^^^^^^^^^^^^^^^^^^^^^^^^^^^^^^^^^^^^^^^^^^^^^^^^^^^^^^^^^^^^^^^^^^^^^^^^^^^^^^^^^^^

warning: missing documentation for a method
   --> crates/nes-desktop/src/rta.rs:877:5
    |
877 | /     pub fn write_calibration_draft(
878 | |         &self,
879 | |         profiles_dir: &Path,
880 | |     ) -> Result<Option<DraftOutput>, String> {
    | |____________________________________________^

warning: missing documentation for a struct
   --> crates/nes-desktop/src/rta.rs:929:1
    |
929 | pub struct DraftOutput {
    | ^^^^^^^^^^^^^^^^^^^^^^

warning: missing documentation for a struct field
   --> crates/nes-desktop/src/rta.rs:930:5
    |
930 |     pub profile_path: PathBuf,
    |     ^^^^^^^^^^^^^^^^^^^^^^^^^

warning: missing documentation for a struct field
   --> crates/nes-desktop/src/rta.rs:931:5
    |
931 |     pub report_path: PathBuf,
    |     ^^^^^^^^^^^^^^^^^^^^^^^^

warning: missing documentation for a struct
   --> crates/nes-desktop/src/rta.rs:947:1
    |
947 | pub struct CalibrationRecorder {
    | ^^^^^^^^^^^^^^^^^^^^^^^^^^^^^^

warning: missing documentation for an associated function
   --> crates/nes-desktop/src/rta.rs:955:5
    |
955 |     pub fn new(profile_id: String) -> Self {
    |     ^^^^^^^^^^^^^^^^^^^^^^^^^^^^^^^^^^^^^^

warning: missing documentation for a method
   --> crates/nes-desktop/src/rta.rs:964:5
    |
964 | /     pub fn record_frame<F>(&mut self, frame: u64, mut read_u8: F)
965 | |     where
966 | |         F: FnMut(u16) -> u8,
    | |____________________________^

warning: missing documentation for a method
   --> crates/nes-desktop/src/rta.rs:978:5
    |
978 |     pub fn mark_split(&mut self, name: String, frame: u64) {
    |     ^^^^^^^^^^^^^^^^^^^^^^^^^^^^^^^^^^^^^^^^^^^^^^^^^^^^^^

warning: missing documentation for a method
   --> crates/nes-desktop/src/rta.rs:982:5
    |
982 | /     pub fn write_draft_profile(
983 | |         &self,
984 | |         profiles_dir: &Path,
985 | |         rom_hash: &str,
986 | |     ) -> Result<DraftOutput, String> {
    | |____________________________________^

warning: missing documentation for a struct field
 --> crates/nes-desktop/src/session_cheats.rs:6:5
  |
6 |     pub raw_code: String,
  |     ^^^^^^^^^^^^^^^^^^^^

warning: missing documentation for a struct field
 --> crates/nes-desktop/src/session_cheats.rs:7:5
  |
7 |     pub enabled: bool,
  |     ^^^^^^^^^^^^^^^^^

warning: missing documentation for a variant
  --> crates/nes-desktop/src/session_cheats.rs:13:5
   |
13 |     InvalidCode(CheatCodeError),
   |     ^^^^^^^^^^^

warning: missing documentation for a variant
  --> crates/nes-desktop/src/session_cheats.rs:14:5
   |
14 |     MissingIndex { index: usize, len: usize },
   |     ^^^^^^^^^^^^

warning: missing documentation for a struct field
  --> crates/nes-desktop/src/session_cheats.rs:14:20
   |
14 |     MissingIndex { index: usize, len: usize },
   |                    ^^^^^^^^^^^^

warning: missing documentation for a struct field
  --> crates/nes-desktop/src/session_cheats.rs:14:34
   |
14 |     MissingIndex { index: usize, len: usize },
   |                                  ^^^^^^^^^^

warning: missing documentation for an associated function
  --> crates/nes-desktop/src/session_cheats.rs:47:5
   |
47 |     pub const fn new() -> Self {
   |     ^^^^^^^^^^^^^^^^^^^^^^^^^^

warning: missing documentation for an associated function
  --> crates/nes-desktop/src/session_cheats.rs:53:5
   |
53 |     pub fn from_raw_codes(raw_codes: &[String]) -> Result<Self, SessionCheatError> {
   |     ^^^^^^^^^^^^^^^^^^^^^^^^^^^^^^^^^^^^^^^^^^^^^^^^^^^^^^^^^^^^^^^^^^^^^^^^^^^^^^

warning: missing documentation for a method
  --> crates/nes-desktop/src/session_cheats.rs:61:5
   |
61 |     pub fn add(&mut self, raw_code: &str) -> Result<(), SessionCheatError> {
   |     ^^^^^^^^^^^^^^^^^^^^^^^^^^^^^^^^^^^^^^^^^^^^^^^^^^^^^^^^^^^^^^^^^^^^^^

warning: missing documentation for a method
  --> crates/nes-desktop/src/session_cheats.rs:70:5
   |
70 |     pub fn toggle(&mut self, index: usize) -> Result<(), SessionCheatError> {
   |     ^^^^^^^^^^^^^^^^^^^^^^^^^^^^^^^^^^^^^^^^^^^^^^^^^^^^^^^^^^^^^^^^^^^^^^^

warning: missing documentation for a method
  --> crates/nes-desktop/src/session_cheats.rs:80:5
   |
80 |     pub fn remove(&mut self, index: usize) -> Result<SessionCheat, SessionCheatError> {
   |     ^^^^^^^^^^^^^^^^^^^^^^^^^^^^^^^^^^^^^^^^^^^^^^^^^^^^^^^^^^^^^^^^^^^^^^^^^^^^^^^^^

warning: missing documentation for a method
  --> crates/nes-desktop/src/session_cheats.rs:90:5
   |
90 |     pub fn clear(&mut self) {
   |     ^^^^^^^^^^^^^^^^^^^^^^^

warning: missing documentation for a method
  --> crates/nes-desktop/src/session_cheats.rs:95:5
   |
95 |     pub fn entries(&self) -> &[SessionCheat] {
   |     ^^^^^^^^^^^^^^^^^^^^^^^^^^^^^^^^^^^^^^^^

warning: missing documentation for a method
   --> crates/nes-desktop/src/session_cheats.rs:100:5
    |
100 |     pub fn enabled_codes(&self) -> Vec<String> {
    |     ^^^^^^^^^^^^^^^^^^^^^^^^^^^^^^^^^^^^^^^^^^

warning: missing documentation for a method
   --> crates/nes-desktop/src/session_cheats.rs:109:5
    |
109 |     pub fn len(&self) -> usize {
    |     ^^^^^^^^^^^^^^^^^^^^^^^^^^

warning: missing documentation for a method
   --> crates/nes-desktop/src/session_cheats.rs:114:5
    |
114 |     pub fn is_empty(&self) -> bool {
    |     ^^^^^^^^^^^^^^^^^^^^^^^^^^^^^^

warning: missing documentation for the crate
   --> crates/nes-test-harness/src/lib.rs:1:1
    |
  1 | / use std::f64::consts::PI;
  2 | | use std::fs;
  3 | | use std::path::Path;
...   |
437 | | }
    | |_^
    |
    = note: requested on the command line with `-W missing-docs`

warning: missing documentation for a struct
  --> crates/nes-test-harness/src/lib.rs:12:1
   |
12 | pub struct ApuWriteEvent {
   | ^^^^^^^^^^^^^^^^^^^^^^^^

warning: missing documentation for a struct field
  --> crates/nes-test-harness/src/lib.rs:13:5
   |
13 |     pub cpu_cycle: u64,
   |     ^^^^^^^^^^^^^^^^^^

warning: missing documentation for a struct field
  --> crates/nes-test-harness/src/lib.rs:14:5
   |
14 |     pub addr: u16,
   |     ^^^^^^^^^^^^^

warning: missing documentation for a struct field
  --> crates/nes-test-harness/src/lib.rs:15:5
   |
15 |     pub value: u8,
   |     ^^^^^^^^^^^^^

warning: missing documentation for a struct
  --> crates/nes-test-harness/src/lib.rs:19:1
   |
19 | pub struct AudioStats {
   | ^^^^^^^^^^^^^^^^^^^^^

warning: missing documentation for a struct field
  --> crates/nes-test-harness/src/lib.rs:20:5
   |
20 |     pub sample_count: usize,
   |     ^^^^^^^^^^^^^^^^^^^^^^^

warning: missing documentation for a struct field
  --> crates/nes-test-harness/src/lib.rs:21:5
   |
21 |     pub rms: f64,
   |     ^^^^^^^^^^^^

warning: missing documentation for a struct field
  --> crates/nes-test-harness/src/lib.rs:22:5
   |
22 |     pub peak: i16,
   |     ^^^^^^^^^^^^^

warning: missing documentation for a struct field
  --> crates/nes-test-harness/src/lib.rs:23:5
   |
23 |     pub dc_offset: f64,
   |     ^^^^^^^^^^^^^^^^^^

warning: missing documentation for a struct field
  --> crates/nes-test-harness/src/lib.rs:24:5
   |
24 |     pub clipping_ratio: f64,
   |     ^^^^^^^^^^^^^^^^^^^^^^^

warning: missing documentation for a struct
  --> crates/nes-test-harness/src/lib.rs:28:1
   |
28 | pub struct WaveformComparison {
   | ^^^^^^^^^^^^^^^^^^^^^^^^^^^^^

warning: missing documentation for a struct field
  --> crates/nes-test-harness/src/lib.rs:29:5
   |
29 |     pub samples_compared: usize,
   |     ^^^^^^^^^^^^^^^^^^^^^^^^^^^

warning: missing documentation for a struct field
  --> crates/nes-test-harness/src/lib.rs:30:5
   |
30 |     pub correlation: f64,
   |     ^^^^^^^^^^^^^^^^^^^^

warning: missing documentation for a struct field
  --> crates/nes-test-harness/src/lib.rs:31:5
   |
31 |     pub rms_ratio: f64,
   |     ^^^^^^^^^^^^^^^^^^

warning: missing documentation for a struct field
  --> crates/nes-test-harness/src/lib.rs:32:5
   |
32 |     pub fft_mean_abs_db_diff: f64,
   |     ^^^^^^^^^^^^^^^^^^^^^^^^^^^^^

warning: missing documentation for a function
  --> crates/nes-test-harness/src/lib.rs:38:1
   |
38 | / pub fn collect_apu_register_writes(
39 | |     core: &mut NesCore,
40 | |     cpu_steps: u32,
41 | | ) -> Result<Vec<ApuWriteEvent>, CoreError> {
   | |__________________________________________^

warning: missing documentation for a function
  --> crates/nes-test-harness/src/lib.rs:60:1
   |
60 | pub fn apu_write_hash(writes: &[ApuWriteEvent]) -> u64 {
   | ^^^^^^^^^^^^^^^^^^^^^^^^^^^^^^^^^^^^^^^^^^^^^^^^^^^^^^

warning: missing documentation for a function
  --> crates/nes-test-harness/src/lib.rs:73:1
   |
73 | pub fn collect_audio_for_frames(core: &mut NesCore, frames: u32) -> Result<Vec<i16>, CoreError> {
   | ^^^^^^^^^^^^^^^^^^^^^^^^^^^^^^^^^^^^^^^^^^^^^^^^^^^^^^^^^^^^^^^^^^^^^^^^^^^^^^^^^^^^^^^^^^^^^^^

warning: missing documentation for a function
  --> crates/nes-test-harness/src/lib.rs:82:1
   |
82 | / pub fn capture_audio_window(
83 | |     rom_bytes: &[u8],
84 | |     warmup_frames: u32,
85 | |     capture_frames: u32,
86 | | ) -> Result<Vec<i16>, String> {
   | |_____________________________^

warning: missing documentation for a function
   --> crates/nes-test-harness/src/lib.rs:104:1
    |
104 | pub fn waveform_hash(samples: &[i16]) -> u64 {
    | ^^^^^^^^^^^^^^^^^^^^^^^^^^^^^^^^^^^^^^^^^^^^

warning: missing documentation for a function
   --> crates/nes-test-harness/src/lib.rs:114:1
    |
114 | pub fn audio_stats(samples: &[i16]) -> AudioStats {
    | ^^^^^^^^^^^^^^^^^^^^^^^^^^^^^^^^^^^^^^^^^^^^^^^^^

warning: missing documentation for a function
   --> crates/nes-test-harness/src/lib.rs:152:1
    |
152 | pub fn rms_envelope(samples: &[i16], window_samples: usize) -> Vec<f64> {
    | ^^^^^^^^^^^^^^^^^^^^^^^^^^^^^^^^^^^^^^^^^^^^^^^^^^^^^^^^^^^^^^^^^^^^^^^

warning: missing documentation for a function
   --> crates/nes-test-harness/src/lib.rs:203:1
    |
203 | pub fn write_pcm_i16le(path: &Path, samples: &[i16]) -> Result<(), String> {
    | ^^^^^^^^^^^^^^^^^^^^^^^^^^^^^^^^^^^^^^^^^^^^^^^^^^^^^^^^^^^^^^^^^^^^^^^^^^

warning: missing documentation for a function
   --> crates/nes-test-harness/src/lib.rs:211:1
    |
211 | pub fn read_pcm_i16le(path: &Path) -> Result<Vec<i16>, String> {
    | ^^^^^^^^^^^^^^^^^^^^^^^^^^^^^^^^^^^^^^^^^^^^^^^^^^^^^^^^^^^^^^

warning: missing documentation for a function
   --> crates/nes-test-harness/src/lib.rs:229:1
    |
229 | pub fn compare_waveforms(lhs: &[i16], rhs: &[i16], fft_size: usize) -> WaveformComparison {
    | ^^^^^^^^^^^^^^^^^^^^^^^^^^^^^^^^^^^^^^^^^^^^^^^^^^^^^^^^^^^^^^^^^^^^^^^^^^^^^^^^^^^^^^^^^

warning: missing documentation for a function
   --> crates/nes-test-harness/src/lib.rs:274:1
    |
274 | pub fn fft_log_mag_db(samples: &[i16], fft_size: usize) -> Vec<f64> {
    | ^^^^^^^^^^^^^^^^^^^^^^^^^^^^^^^^^^^^^^^^^^^^^^^^^^^^^^^^^^^^^^^^^^^

warning: missing documentation for a function
   --> crates/nes-test-harness/src/lib.rs:316:1
    |
316 | pub fn detect_mapper_id(rom_bytes: &[u8]) -> Option<u16> {
    | ^^^^^^^^^^^^^^^^^^^^^^^^^^^^^^^^^^^^^^^^^^^^^^^^^^^^^^^^

warning: missing documentation for a function
   --> crates/nes-test-harness/src/lib.rs:333:1
    |
333 | pub fn mapper_supported_by_core(mapper_id: u16) -> bool {
    | ^^^^^^^^^^^^^^^^^^^^^^^^^^^^^^^^^^^^^^^^^^^^^^^^^^^^^^^

warning: missing documentation for a function
 --> crates/nes-test-harness/src/homebrew.rs:5:1
  |
5 | pub fn default_homebrew_rom_path() -> PathBuf {
  | ^^^^^^^^^^^^^^^^^^^^^^^^^^^^^^^^^^^^^^^^^^^^^

warning: missing documentation for a function
  --> crates/nes-test-harness/src/homebrew.rs:14:1
   |
14 | pub fn build_homebrew_rom() -> Result<Vec<u8>, String> {
   | ^^^^^^^^^^^^^^^^^^^^^^^^^^^^^^^^^^^^^^^^^^^^^^^^^^^^^^

warning: missing documentation for a function
  --> crates/nes-test-harness/src/homebrew.rs:33:1
   |
33 | pub fn write_homebrew_rom(path: &Path) -> Result<(), String> {
   | ^^^^^^^^^^^^^^^^^^^^^^^^^^^^^^^^^^^^^^^^^^^^^^^^^^^^^^^^^^^^

    Checking nes-mcp v0.1.0 (/app/crates/nes-mcp)
 Documenting nes-mcp v0.1.0 (/app/crates/nes-mcp)
warning: `nes-test-harness` (lib doc) generated 32 warnings
warning: missing documentation for the crate
   --> crates/nes-test-harness/src/bin/bbbradsmith_golden_capture.rs:1:1
    |
  1 | / use std::env;
  2 | | use std::fs;
  3 | | use std::io::Write;
  4 | | use std::path::{Path, PathBuf};
...   |
369 | | }
    | |_^
    |
    = note: requested on the command line with `-W missing-docs`

warning: missing documentation for the crate
  --> crates/nes-test-harness/src/bin/build_homebrew_rom.rs:1:1
   |
 1 | / use std::env;
 2 | | use std::path::PathBuf;
 3 | |
 4 | | use comfy_table::{Cell, Color as TableColor, Table};
...  |
82 | | }
   | |_^
   |
   = note: requested on the command line with `-W missing-docs`

warning: `nes-desktop` (lib doc) generated 221 warnings
warning: missing documentation for the crate
 --> crates/nes-proof/src/lib.rs:1:1
  |
1 | / pub fn proof_crate_marker() -> &'static str {
2 | |     "proof-scaffold-ready"
3 | | }
  | |_^
  |
  = note: requested on the command line with `-W missing-docs`

warning: missing documentation for a function
 --> crates/nes-proof/src/lib.rs:1:1
  |
1 | pub fn proof_crate_marker() -> &'static str {
  | ^^^^^^^^^^^^^^^^^^^^^^^^^^^^^^^^^^^^^^^^^^^

warning: `nes-proof` (lib doc) generated 2 warnings
warning: `nes-test-harness` (bin "bbbradsmith_golden_capture" doc) generated 1 warning
warning: `nes-test-harness` (bin "build_homebrew_rom" doc) generated 1 warning
    Finished `dev` profile [unoptimized + debuginfo] target(s) in 3.43s
   Generated /app/target/doc/nes_ai/index.html and 18 other files
